[ID],ControllerName,Maxspeed,UnitMovingType,FlyingAltitude,MinimalAltitude,PhysicsConfiguration,CriticalEffectModule,GunMuzzleSpeed,LandingGearOutPhysicalPropertyName,LandingGearSubDepictionName,FrontLandingGearMeshNodeName,BackLandingGearMeshNodeName
40795,MouvementHandlerController,26000,6,26000,5200,153 : 51422 (True) - TAirplanePhysicsConfiguration,97 : 40787 (True) - TCriticalEffectModuleDescriptor,300000,InShowRoom,Landing Gear,Train_Avant,Train_Arriere
40812,MouvementHandlerController,31200,6,39000,7800,153 : 51434 (True) - TAirplanePhysicsConfiguration,97 : 40787 (True) - TCriticalEffectModuleDescriptor,300000,InShowRoom,Landing Gear,Train_Avant,Train_Arriere
40823,MouvementHandlerController,31200,6,52000,10400,153 : 51442 (True) - TAirplanePhysicsConfiguration,97 : 40787 (True) - TCriticalEffectModuleDescriptor,300000,InShowRoom,Landing Gear,Train_Avant,Train_Arriere
40832,MouvementHandlerController,31200,6,52000,10400,153 : 51449 (True) - TAirplanePhysicsConfiguration,97 : 40787 (True) - TCriticalEffectModuleDescriptor,300000,InShowRoom,Landing Gear,Train_Avant,Train_Arriere
40839,MouvementHandlerController,31200,6,26000,5200,153 : 51456 (True) - TAirplanePhysicsConfiguration,97 : 40787 (True) - TCriticalEffectModuleDescriptor,300000,InShowRoom,Landing Gear,Train_Avant,Train_Arriere
40849,MouvementHandlerController,31200,6,65000,13000,153 : 51464 (True) - TAirplanePhysicsConfiguration,97 : 40787 (True) - TCriticalEffectModuleDescriptor,300000,InShowRoom,Landing Gear,Train_Avant,Train_Arriere
40858,MouvementHandlerController,31200,6,39000,7800,153 : 51471 (True) - TAirplanePhysicsConfiguration,97 : 40787 (True) - TCriticalEffectModuleDescriptor,300000,InShowRoom,Landing Gear,Train_Avant,Train_Arriere
40866,MouvementHandlerController,39000,6,52000,10400,153 : 51479 (True) - TAirplanePhysicsConfiguration,97 : 40787 (True) - TCriticalEffectModuleDescriptor,300000,InShowRoom,Landing Gear,Train_Avant,Train_Arriere
40875,MouvementHandlerController,39000,6,52000,10400,153 : 51487 (True) - TAirplanePhysicsConfiguration,97 : 40787 (True) - TCriticalEffectModuleDescriptor,300000,InShowRoom,Landing Gear,Train_Avant,Train_Arriere
40884,MouvementHandlerController,39000,6,26000,5200,153 : 51493 (True) - TAirplanePhysicsConfiguration,97 : 40787 (True) - TCriticalEffectModuleDescriptor,300000,InShowRoom,Landing Gear,Train_Avant,Train_Arriere
40893,MouvementHandlerController,39000,6,39000,7800,153 : 51499 (True) - TAirplanePhysicsConfiguration,97 : 40787 (True) - TCriticalEffectModuleDescriptor,300000,InShowRoom,Landing Gear,Train_Avant,Train_Arriere
40900,MouvementHandlerController,39000,6,26000,5200,153 : 51506 (True) - TAirplanePhysicsConfiguration,97 : 40787 (True) - TCriticalEffectModuleDescriptor,300000,InShowRoom,Landing Gear,Train_Avant,Train_Arriere
40907,MouvementHandlerController,39000,6,52000,10400,153 : 51514 (True) - TAirplanePhysicsConfiguration,97 : 40787 (True) - TCriticalEffectModuleDescriptor,300000,InShowRoom,Landing Gear,Train_Avant,Train_Arriere
40917,MouvementHandlerController,39000,6,52000,10400,153 : 51523 (True) - TAirplanePhysicsConfiguration,97 : 40787 (True) - TCriticalEffectModuleDescriptor,300000,InShowRoom,Landing Gear,Train_Avant,Train_Arriere
40924,MouvementHandlerController,31200,6,52000,10400,153 : 51531 (True) - TAirplanePhysicsConfiguration,97 : 40787 (True) - TCriticalEffectModuleDescriptor,300000,InShowRoom,Landing Gear,Train_Avant,Train_Arriere
40931,MouvementHandlerController,31200,6,39000,7800,153 : 51538 (True) - TAirplanePhysicsConfiguration,97 : 40787 (True) - TCriticalEffectModuleDescriptor,300000,InShowRoom,Landing Gear,Train_Avant,Train_Arriere
40941,MouvementHandlerController,39000,6,78000,15600,153 : 51546 (True) - TAirplanePhysicsConfiguration,97 : 40787 (True) - TCriticalEffectModuleDescriptor,300000,InShowRoom,Landing Gear,Train_Avant,Train_Arriere
40948,MouvementHandlerController,39000,6,65000,13000,153 : 51553 (True) - TAirplanePhysicsConfiguration,97 : 40787 (True) - TCriticalEffectModuleDescriptor,300000,InShowRoom,Landing Gear,Train_Avant,Train_Arriere
40956,MouvementHandlerController,31200,6,39000,7800,153 : 51560 (True) - TAirplanePhysicsConfiguration,97 : 40787 (True) - TCriticalEffectModuleDescriptor,300000,InShowRoom,Landing Gear,Train_Avant,Train_Arriere
40963,MouvementHandlerController,52000,6,65000,13000,153 : 51568 (True) - TAirplanePhysicsConfiguration,97 : 40787 (True) - TCriticalEffectModuleDescriptor,300000,InShowRoom,Landing Gear,Train_Avant,Train_Arriere
40972,MouvementHandlerController,52000,6,52000,10400,153 : 51577 (True) - TAirplanePhysicsConfiguration,97 : 40787 (True) - TCriticalEffectModuleDescriptor,300000,InShowRoom,Landing Gear,Train_Avant,Train_Arriere
40980,MouvementHandlerController,52000,6,52000,10400,153 : 51585 (True) - TAirplanePhysicsConfiguration,97 : 40787 (True) - TCriticalEffectModuleDescriptor,300000,InShowRoom,Landing Gear,Train_Avant,Train_Arriere
40987,MouvementHandlerController,46800,6,65000,13000,153 : 51591 (True) - TAirplanePhysicsConfiguration,97 : 40787 (True) - TCriticalEffectModuleDescriptor,300000,InShowRoom,Landing Gear,Train_Avant,Train_Arriere
40994,MouvementHandlerController,39000,6,65000,13000,153 : 51598 (True) - TAirplanePhysicsConfiguration,97 : 40787 (True) - TCriticalEffectModuleDescriptor,300000,InShowRoom,Landing Gear,Train_Avant,Train_Arriere
41001,MouvementHandlerController,39000,6,26000,5200,153 : 51605 (True) - TAirplanePhysicsConfiguration,97 : 40787 (True) - TCriticalEffectModuleDescriptor,300000,InShowRoom,Landing Gear,Train_Avant,Train_Arriere
41008,MouvementHandlerController,31200,6,26000,5200,153 : 51611 (True) - TAirplanePhysicsConfiguration,97 : 40787 (True) - TCriticalEffectModuleDescriptor,300000,InShowRoom,Landing Gear,Train_Avant,Train_Arriere
41015,MouvementHandlerController,39000,6,39000,7800,153 : 51618 (True) - TAirplanePhysicsConfiguration,97 : 40787 (True) - TCriticalEffectModuleDescriptor,300000,InShowRoom,Landing Gear,Train_Avant,Train_Arriere
41022,MouvementHandlerController,39000,6,52000,10400,153 : 51626 (True) - TAirplanePhysicsConfiguration,97 : 40787 (True) - TCriticalEffectModuleDescriptor,300000,InShowRoom,Landing Gear,Train_Avant,Train_Arriere
41029,MouvementHandlerController,46800,6,65000,13000,153 : 51633 (True) - TAirplanePhysicsConfiguration,97 : 40787 (True) - TCriticalEffectModuleDescriptor,300000,InShowRoom,Landing Gear,Train_Avant,Train_Arriere
41037,MouvementHandlerController,39000,6,65000,13000,153 : 51639 (True) - TAirplanePhysicsConfiguration,97 : 40787 (True) - TCriticalEffectModuleDescriptor,300000,InShowRoom,Landing Gear,Train_Avant,Train_Arriere
41045,MouvementHandlerController,52000,6,65000,13000,153 : 51645 (True) - TAirplanePhysicsConfiguration,97 : 40787 (True) - TCriticalEffectModuleDescriptor,300000,InShowRoom,Landing Gear,Train_Avant,Train_Arriere
41054,MouvementHandlerController,46800,6,65000,13000,153 : 51651 (True) - TAirplanePhysicsConfiguration,97 : 40787 (True) - TCriticalEffectModuleDescriptor,300000,InShowRoom,Landing Gear,Train_Avant,Train_Arriere
41061,MouvementHandlerController,31200,6,26000,5200,153 : 51658 (True) - TAirplanePhysicsConfiguration,97 : 40787 (True) - TCriticalEffectModuleDescriptor,300000,InShowRoom,Landing Gear,Train_Avant,Train_Arriere
41068,MouvementHandlerController,52000,6,65000,13000,153 : 51666 (True) - TAirplanePhysicsConfiguration,97 : 40787 (True) - TCriticalEffectModuleDescriptor,300000,InShowRoom,Landing Gear,Train_Avant,Train_Arriere
41075,MouvementHandlerController,39000,6,26000,5200,153 : 51673 (True) - TAirplanePhysicsConfiguration,97 : 40787 (True) - TCriticalEffectModuleDescriptor,300000,InShowRoom,Landing Gear,Train_Avant,Train_Arriere
41082,MouvementHandlerController,39000,6,65000,13000,153 : 51680 (True) - TAirplanePhysicsConfiguration,97 : 40787 (True) - TCriticalEffectModuleDescriptor,300000,InShowRoom,Landing Gear,Train_Avant,Train_Arriere
41089,MouvementHandlerController,39000,6,52000,10400,153 : 51688 (True) - TAirplanePhysicsConfiguration,97 : 40787 (True) - TCriticalEffectModuleDescriptor,300000,InShowRoom,Landing Gear,Train_Avant,Train_Arriere
41096,MouvementHandlerController,39000,6,65000,13000,153 : 51695 (True) - TAirplanePhysicsConfiguration,97 : 40787 (True) - TCriticalEffectModuleDescriptor,300000,InShowRoom,Landing Gear,Train_Avant,Train_Arriere
41103,MouvementHandlerController,39000,6,26000,5200,153 : 51702 (True) - TAirplanePhysicsConfiguration,97 : 40787 (True) - TCriticalEffectModuleDescriptor,300000,InShowRoom,Landing Gear,Train_Avant,Train_Arriere
41110,MouvementHandlerController,52000,6,39000,7800,153 : 51708 (True) - TAirplanePhysicsConfiguration,97 : 40787 (True) - TCriticalEffectModuleDescriptor,300000,InShowRoom,Landing Gear,Train_Avant,Train_Arriere
41117,MouvementHandlerController,52000,6,39000,7800,153 : 51714 (True) - TAirplanePhysicsConfiguration,97 : 40787 (True) - TCriticalEffectModuleDescriptor,300000,InShowRoom,Landing Gear,Train_Avant,Train_Arriere
41124,MouvementHandlerController,52000,6,26000,5200,153 : 51720 (True) - TAirplanePhysicsConfiguration,97 : 40787 (True) - TCriticalEffectModuleDescriptor,300000,InShowRoom,Landing Gear,Train_Avant,Train_Arriere
41131,MouvementHandlerController,52000,6,39000,7800,153 : 51726 (True) - TAirplanePhysicsConfiguration,97 : 40787 (True) - TCriticalEffectModuleDescriptor,300000,InShowRoom,Landing Gear,Train_Avant,Train_Arriere
41138,MouvementHandlerController,39000,6,78000,15600,153 : 51732 (True) - TAirplanePhysicsConfiguration,97 : 40787 (True) - TCriticalEffectModuleDescriptor,300000,InShowRoom,Landing Gear,Train_Avant,Train_Arriere
41144,MouvementHandlerController,52000,6,78000,15600,153 : 51739 (True) - TAirplanePhysicsConfiguration,97 : 40787 (True) - TCriticalEffectModuleDescriptor,300000,InShowRoom,Landing Gear,Train_Avant,Train_Arriere
41154,MouvementHandlerController,52000,6,78000,15600,153 : 51748 (True) - TAirplanePhysicsConfiguration,97 : 40787 (True) - TCriticalEffectModuleDescriptor,300000,InShowRoom,Landing Gear,Train_Avant,Train_Arriere
41161,MouvementHandlerController,52000,6,65000,13000,153 : 51756 (True) - TAirplanePhysicsConfiguration,97 : 40787 (True) - TCriticalEffectModuleDescriptor,300000,InShowRoom,Landing Gear,Train_Avant,Train_Arriere
41168,MouvementHandlerController,52000,6,65000,13000,153 : 51764 (True) - TAirplanePhysicsConfiguration,97 : 40787 (True) - TCriticalEffectModuleDescriptor,300000,InShowRoom,Landing Gear,Train_Avant,Train_Arriere
41175,MouvementHandlerController,52000,6,65000,13000,153 : 51772 (True) - TAirplanePhysicsConfiguration,97 : 40787 (True) - TCriticalEffectModuleDescriptor,300000,InShowRoom,Landing Gear,Train_Avant,Train_Arriere
41182,MouvementHandlerController,52000,6,52000,10400,153 : 51780 (True) - TAirplanePhysicsConfiguration,97 : 40787 (True) - TCriticalEffectModuleDescriptor,300000,InShowRoom,Landing Gear,Train_Avant,Train_Arriere
41189,MouvementHandlerController,52000,6,52000,10400,153 : 51788 (True) - TAirplanePhysicsConfiguration,97 : 40787 (True) - TCriticalEffectModuleDescriptor,300000,InShowRoom,Landing Gear,Train_Avant,Train_Arriere
41196,MouvementHandlerController,52000,6,65000,13000,153 : 51796 (True) - TAirplanePhysicsConfiguration,97 : 40787 (True) - TCriticalEffectModuleDescriptor,300000,InShowRoom,Landing Gear,Train_Avant,Train_Arriere
41203,MouvementHandlerController,52000,6,65000,13000,153 : 51804 (True) - TAirplanePhysicsConfiguration,97 : 40787 (True) - TCriticalEffectModuleDescriptor,300000,InShowRoom,Landing Gear,Train_Avant,Train_Arriere
41210,MouvementHandlerController,52000,6,52000,10400,153 : 51812 (True) - TAirplanePhysicsConfiguration,97 : 40787 (True) - TCriticalEffectModuleDescriptor,300000,InShowRoom,Landing Gear,Train_Avant,Train_Arriere
41217,MouvementHandlerController,52000,6,65000,13000,153 : 51820 (True) - TAirplanePhysicsConfiguration,97 : 40787 (True) - TCriticalEffectModuleDescriptor,300000,InShowRoom,Landing Gear,Train_Avant,Train_Arriere
41224,MouvementHandlerController,52000,6,52000,10400,153 : 51828 (True) - TAirplanePhysicsConfiguration,97 : 40787 (True) - TCriticalEffectModuleDescriptor,300000,InShowRoom,Landing Gear,Train_Avant,Train_Arriere
41231,MouvementHandlerController,52000,6,52000,10400,153 : 51836 (True) - TAirplanePhysicsConfiguration,97 : 40787 (True) - TCriticalEffectModuleDescriptor,300000,InShowRoom,Landing Gear,Train_Avant,Train_Arriere
41238,MouvementHandlerController,52000,6,65000,13000,153 : 51843 (True) - TAirplanePhysicsConfiguration,97 : 40787 (True) - TCriticalEffectModuleDescriptor,300000,InShowRoom,Landing Gear,Train_Avant,Train_Arriere
41245,MouvementHandlerController,52000,6,52000,10400,153 : 51851 (True) - TAirplanePhysicsConfiguration,97 : 40787 (True) - TCriticalEffectModuleDescriptor,300000,InShowRoom,Landing Gear,Train_Avant,Train_Arriere
41252,MouvementHandlerController,52000,6,65000,13000,153 : 51859 (True) - TAirplanePhysicsConfiguration,97 : 40787 (True) - TCriticalEffectModuleDescriptor,300000,InShowRoom,Landing Gear,Train_Avant,Train_Arriere
41260,MouvementHandlerController,52000,6,52000,10400,153 : 51867 (True) - TAirplanePhysicsConfiguration,97 : 40787 (True) - TCriticalEffectModuleDescriptor,300000,InShowRoom,Landing Gear,Train_Avant,Train_Arriere
41267,MouvementHandlerController,52000,6,65000,13000,153 : 51875 (True) - TAirplanePhysicsConfiguration,97 : 40787 (True) - TCriticalEffectModuleDescriptor,300000,InShowRoom,Landing Gear,Train_Avant,Train_Arriere
41274,MouvementHandlerController,52000,6,52000,10400,153 : 51883 (True) - TAirplanePhysicsConfiguration,97 : 40787 (True) - TCriticalEffectModuleDescriptor,300000,InShowRoom,Landing Gear,Train_Avant,Train_Arriere
41281,MouvementHandlerController,52000,6,52000,10400,153 : 51891 (True) - TAirplanePhysicsConfiguration,97 : 40787 (True) - TCriticalEffectModuleDescriptor,300000,InShowRoom,Landing Gear,Train_Avant,Train_Arriere
41288,MouvementHandlerController,52000,6,65000,13000,153 : 51899 (True) - TAirplanePhysicsConfiguration,97 : 40787 (True) - TCriticalEffectModuleDescriptor,300000,InShowRoom,Landing Gear,Train_Avant,Train_Arriere
41295,MouvementHandlerController,52000,6,65000,13000,153 : 51907 (True) - TAirplanePhysicsConfiguration,97 : 40787 (True) - TCriticalEffectModuleDescriptor,300000,InShowRoom,Landing Gear,Train_Avant,Train_Arriere
41302,MouvementHandlerController,52000,6,65000,13000,153 : 51914 (True) - TAirplanePhysicsConfiguration,97 : 40787 (True) - TCriticalEffectModuleDescriptor,300000,InShowRoom,Landing Gear,Train_Avant,Train_Arriere
41309,MouvementHandlerController,52000,6,65000,13000,153 : 51921 (True) - TAirplanePhysicsConfiguration,97 : 40787 (True) - TCriticalEffectModuleDescriptor,300000,InShowRoom,Landing Gear,Train_Avant,Train_Arriere
41316,MouvementHandlerController,52000,6,52000,10400,153 : 51929 (True) - TAirplanePhysicsConfiguration,97 : 40787 (True) - TCriticalEffectModuleDescriptor,300000,InShowRoom,Landing Gear,Train_Avant,Train_Arriere
41323,MouvementHandlerController,52000,6,65000,13000,153 : 51937 (True) - TAirplanePhysicsConfiguration,97 : 40787 (True) - TCriticalEffectModuleDescriptor,300000,InShowRoom,Landing Gear,Train_Avant,Train_Arriere
41330,MouvementHandlerController,52000,6,52000,10400,153 : 51945 (True) - TAirplanePhysicsConfiguration,97 : 40787 (True) - TCriticalEffectModuleDescriptor,300000,InShowRoom,Landing Gear,Train_Avant,Train_Arriere
41337,MouvementHandlerController,46800,6,52000,10400,153 : 51953 (True) - TAirplanePhysicsConfiguration,97 : 40787 (True) - TCriticalEffectModuleDescriptor,300000,InShowRoom,Landing Gear,Train_Avant,Train_Arriere
41344,MouvementHandlerController,46800,6,39000,7800,153 : 51960 (True) - TAirplanePhysicsConfiguration,97 : 40787 (True) - TCriticalEffectModuleDescriptor,300000,InShowRoom,Landing Gear,Train_Avant,Train_Arriere
41351,MouvementHandlerController,46800,6,39000,7800,153 : 51966 (True) - TAirplanePhysicsConfiguration,97 : 40787 (True) - TCriticalEffectModuleDescriptor,300000,InShowRoom,Landing Gear,Train_Avant,Train_Arriere
41358,MouvementHandlerController,46800,6,65000,13000,153 : 51974 (True) - TAirplanePhysicsConfiguration,97 : 40787 (True) - TCriticalEffectModuleDescriptor,300000,InShowRoom,Landing Gear,Train_Avant,Train_Arriere
41366,MouvementHandlerController,46800,6,52000,10400,153 : 51982 (True) - TAirplanePhysicsConfiguration,97 : 40787 (True) - TCriticalEffectModuleDescriptor,300000,InShowRoom,Landing Gear,Train_Avant,Train_Arriere
41373,MouvementHandlerController,46800,6,52000,10400,153 : 51990 (True) - TAirplanePhysicsConfiguration,97 : 40787 (True) - TCriticalEffectModuleDescriptor,300000,InShowRoom,Landing Gear,Train_Avant,Train_Arriere
41380,MouvementHandlerController,46800,6,65000,13000,153 : 51998 (True) - TAirplanePhysicsConfiguration,97 : 40787 (True) - TCriticalEffectModuleDescriptor,300000,InShowRoom,Landing Gear,Train_Avant,Train_Arriere
41388,MouvementHandlerController,46800,6,65000,13000,153 : 52006 (True) - TAirplanePhysicsConfiguration,97 : 40787 (True) - TCriticalEffectModuleDescriptor,300000,InShowRoom,Landing Gear,Train_Avant,Train_Arriere
41395,MouvementHandlerController,46800,6,26000,5200,153 : 52013 (True) - TAirplanePhysicsConfiguration,97 : 40787 (True) - TCriticalEffectModuleDescriptor,300000,InShowRoom,Landing Gear,Train_Avant,Train_Arriere
41402,MouvementHandlerController,46800,6,52000,10400,153 : 52021 (True) - TAirplanePhysicsConfiguration,97 : 40787 (True) - TCriticalEffectModuleDescriptor,300000,InShowRoom,Landing Gear,Train_Avant,Train_Arriere
41409,MouvementHandlerController,46800,6,65000,13000,153 : 52028 (True) - TAirplanePhysicsConfiguration,97 : 40787 (True) - TCriticalEffectModuleDescriptor,300000,InShowRoom,Landing Gear,Train_Avant,Train_Arriere
41416,MouvementHandlerController,46800,6,65000,13000,153 : 52036 (True) - TAirplanePhysicsConfiguration,97 : 40787 (True) - TCriticalEffectModuleDescriptor,300000,InShowRoom,Landing Gear,Train_Avant,Train_Arriere
41423,MouvementHandlerController,46800,6,65000,13000,153 : 52043 (True) - TAirplanePhysicsConfiguration,97 : 40787 (True) - TCriticalEffectModuleDescriptor,300000,InShowRoom,Landing Gear,Train_Avant,Train_Arriere
41430,MouvementHandlerController,46800,6,52000,10400,153 : 52050 (True) - TAirplanePhysicsConfiguration,97 : 40787 (True) - TCriticalEffectModuleDescriptor,300000,InShowRoom,Landing Gear,Train_Avant,Train_Arriere
41437,MouvementHandlerController,46800,6,65000,13000,153 : 52057 (True) - TAirplanePhysicsConfiguration,97 : 40787 (True) - TCriticalEffectModuleDescriptor,300000,InShowRoom,Landing Gear,Train_Avant,Train_Arriere
41445,MouvementHandlerController,39000,6,65000,13000,153 : 52065 (True) - TAirplanePhysicsConfiguration,97 : 40787 (True) - TCriticalEffectModuleDescriptor,300000,InShowRoom,Landing Gear,Train_Avant,Train_Arriere
41452,MouvementHandlerController,39000,6,26000,5200,153 : 52072 (True) - TAirplanePhysicsConfiguration,97 : 40787 (True) - TCriticalEffectModuleDescriptor,300000,InShowRoom,Landing Gear,Train_Avant,Train_Arriere
41459,MouvementHandlerController,39000,6,39000,7800,153 : 52080 (True) - TAirplanePhysicsConfiguration,97 : 40787 (True) - TCriticalEffectModuleDescriptor,300000,InShowRoom,Landing Gear,Train_Avant,Train_Arriere
41466,MouvementHandlerController,39000,6,65000,13000,153 : 52087 (True) - TAirplanePhysicsConfiguration,97 : 40787 (True) - TCriticalEffectModuleDescriptor,300000,InShowRoom,Landing Gear,Train_Avant,Train_Arriere
41473,MouvementHandlerController,52000,6,65000,13000,153 : 52094 (True) - TAirplanePhysicsConfiguration,97 : 40787 (True) - TCriticalEffectModuleDescriptor,300000,InShowRoom,Landing Gear,Train_Avant,Train_Arriere
41480,MouvementHandlerController,39000,6,26000,5200,153 : 52101 (True) - TAirplanePhysicsConfiguration,97 : 40787 (True) - TCriticalEffectModuleDescriptor,300000,InShowRoom,Landing Gear,Train_Avant,Train_Arriere
41487,MouvementHandlerController,39000,6,39000,7800,153 : 52108 (True) - TAirplanePhysicsConfiguration,97 : 40787 (True) - TCriticalEffectModuleDescriptor,300000,InShowRoom,Landing Gear,Train_Avant,Train_Arriere
41494,MouvementHandlerController,39000,6,26000,5200,153 : 52115 (True) - TAirplanePhysicsConfiguration,97 : 40787 (True) - TCriticalEffectModuleDescriptor,300000,InShowRoom,Landing Gear,Train_Avant,Train_Arriere
41501,MouvementHandlerController,52000,6,52000,10400,153 : 52123 (True) - TAirplanePhysicsConfiguration,97 : 40787 (True) - TCriticalEffectModuleDescriptor,300000,InShowRoom,Landing Gear,Train_Avant,Train_Arriere
41508,MouvementHandlerController,52000,6,52000,10400,153 : 52131 (True) - TAirplanePhysicsConfiguration,97 : 40787 (True) - TCriticalEffectModuleDescriptor,300000,InShowRoom,Landing Gear,Train_Avant,Train_Arriere
41515,MouvementHandlerController,52000,6,52000,10400,153 : 52139 (True) - TAirplanePhysicsConfiguration,97 : 40787 (True) - TCriticalEffectModuleDescriptor,300000,InShowRoom,Landing Gear,Train_Avant,Train_Arriere
41523,MouvementHandlerController,52000,6,52000,10400,153 : 52147 (True) - TAirplanePhysicsConfiguration,97 : 40787 (True) - TCriticalEffectModuleDescriptor,300000,InShowRoom,Landing Gear,Train_Avant,Train_Arriere
41530,MouvementHandlerController,52000,6,65000,13000,153 : 52155 (True) - TAirplanePhysicsConfiguration,97 : 40787 (True) - TCriticalEffectModuleDescriptor,300000,InShowRoom,Landing Gear,Train_Avant,Train_Arriere
41537,MouvementHandlerController,39000,6,78000,15600,153 : 52162 (True) - TAirplanePhysicsConfiguration,97 : 40787 (True) - TCriticalEffectModuleDescriptor,300000,InShowRoom,Landing Gear,Train_Avant,Train_Arriere
41543,MouvementHandlerController,31200,6,26000,5200,153 : 52168 (True) - TAirplanePhysicsConfiguration,97 : 40787 (True) - TCriticalEffectModuleDescriptor,300000,InShowRoom,Landing Gear,Train_Avant,Train_Arriere
41550,MouvementHandlerController,39000,6,52000,10400,153 : 52176 (True) - TAirplanePhysicsConfiguration,97 : 40787 (True) - TCriticalEffectModuleDescriptor,300000,InShowRoom,Landing Gear,Train_Avant,Train_Arriere
41557,MouvementHandlerController,39000,6,52000,10400,153 : 52184 (True) - TAirplanePhysicsConfiguration,97 : 40787 (True) - TCriticalEffectModuleDescriptor,300000,InShowRoom,Landing Gear,Train_Avant,Train_Arriere
41564,MouvementHandlerController,39000,6,52000,10400,153 : 52192 (True) - TAirplanePhysicsConfiguration,97 : 40787 (True) - TCriticalEffectModuleDescriptor,300000,InShowRoom,Landing Gear,Train_Avant,Train_Arriere
41571,MouvementHandlerController,46800,6,52000,10400,153 : 52200 (True) - TAirplanePhysicsConfiguration,97 : 40787 (True) - TCriticalEffectModuleDescriptor,300000,InShowRoom,Landing Gear,Train_Avant,Train_Arriere
41578,MouvementHandlerController,39000,6,26000,5200,153 : 52208 (True) - TAirplanePhysicsConfiguration,97 : 40787 (True) - TCriticalEffectModuleDescriptor,300000,InShowRoom,Landing Gear,Train_Avant,Train_Arriere
41585,MouvementHandlerController,31200,6,26000,5200,153 : 52216 (True) - TAirplanePhysicsConfiguration,97 : 40787 (True) - TCriticalEffectModuleDescriptor,300000,InShowRoom,Landing Gear,Train_Avant,Train_Arriere
41592,MouvementHandlerController,46800,6,26000,5200,153 : 52224 (True) - TAirplanePhysicsConfiguration,97 : 40787 (True) - TCriticalEffectModuleDescriptor,300000,InShowRoom,Landing Gear,Train_Avant,Train_Arriere
41599,MouvementHandlerController,39000,6,39000,7800,153 : 52231 (True) - TAirplanePhysicsConfiguration,97 : 40787 (True) - TCriticalEffectModuleDescriptor,300000,InShowRoom,Landing Gear,Train_Avant,Train_Arriere
41606,MouvementHandlerController,39000,6,26000,5200,153 : 52239 (True) - TAirplanePhysicsConfiguration,97 : 40787 (True) - TCriticalEffectModuleDescriptor,300000,InShowRoom,Landing Gear,Train_Avant,Train_Arriere
41613,MouvementHandlerController,39000,6,39000,7800,153 : 52247 (True) - TAirplanePhysicsConfiguration,97 : 40787 (True) - TCriticalEffectModuleDescriptor,300000,InShowRoom,Landing Gear,Train_Avant,Train_Arriere
41620,MouvementHandlerController,46800,6,26000,2600,153 : 52254 (True) - TAirplanePhysicsConfiguration,97 : 40787 (True) - TCriticalEffectModuleDescriptor,300000,InShowRoom,Landing Gear,Train_Avant,Train_Arriere
41627,MouvementHandlerController,46800,6,26000,2600,153 : 52262 (True) - TAirplanePhysicsConfiguration,97 : 40787 (True) - TCriticalEffectModuleDescriptor,300000,InShowRoom,Landing Gear,Train_Avant,Train_Arriere
41634,MouvementHandlerController,46800,6,26000,2600,153 : 52270 (True) - TAirplanePhysicsConfiguration,97 : 40787 (True) - TCriticalEffectModuleDescriptor,300000,InShowRoom,Landing Gear,Train_Avant,Train_Arriere
41641,MouvementHandlerController,52000,6,65000,13000,153 : 52277 (True) - TAirplanePhysicsConfiguration,97 : 40787 (True) - TCriticalEffectModuleDescriptor,300000,InShowRoom,Landing Gear,Train_Avant,Train_Arriere
41648,MouvementHandlerController,52000,6,65000,13000,153 : 52284 (True) - TAirplanePhysicsConfiguration,97 : 40787 (True) - TCriticalEffectModuleDescriptor,300000,InShowRoom,Landing Gear,Train_Avant,Train_Arriere
41655,MouvementHandlerController,52000,6,52000,10400,153 : 52292 (True) - TAirplanePhysicsConfiguration,97 : 40787 (True) - TCriticalEffectModuleDescriptor,300000,InShowRoom,Landing Gear,Train_Avant,Train_Arriere
41662,MouvementHandlerController,52000,6,52000,10400,153 : 52300 (True) - TAirplanePhysicsConfiguration,97 : 40787 (True) - TCriticalEffectModuleDescriptor,300000,InShowRoom,Landing Gear,Train_Avant,Train_Arriere
41669,MouvementHandlerController,46800,6,65000,13000,153 : 52308 (True) - TAirplanePhysicsConfiguration,97 : 40787 (True) - TCriticalEffectModuleDescriptor,300000,InShowRoom,Landing Gear,Train_Avant,Train_Arriere
41677,MouvementHandlerController,46800,6,52000,10400,153 : 52316 (True) - TAirplanePhysicsConfiguration,97 : 40787 (True) - TCriticalEffectModuleDescriptor,300000,InShowRoom,Landing Gear,Train_Avant,Train_Arriere
41684,MouvementHandlerController,46800,6,52000,10400,153 : 52324 (True) - TAirplanePhysicsConfiguration,97 : 40787 (True) - TCriticalEffectModuleDescriptor,300000,InShowRoom,Landing Gear,Train_Avant,Train_Arriere
41691,MouvementHandlerController,52000,6,65000,13000,153 : 52331 (True) - TAirplanePhysicsConfiguration,97 : 40787 (True) - TCriticalEffectModuleDescriptor,300000,InShowRoom,Landing Gear,Train_Avant,Train_Arriere
41699,MouvementHandlerController,52000,6,26000,5200,153 : 52338 (True) - TAirplanePhysicsConfiguration,97 : 40787 (True) - TCriticalEffectModuleDescriptor,300000,InShowRoom,Landing Gear,Train_Avant,Train_Arriere
41706,MouvementHandlerController,52000,6,26000,5200,153 : 52345 (True) - TAirplanePhysicsConfiguration,97 : 40787 (True) - TCriticalEffectModuleDescriptor,300000,InShowRoom,Landing Gear,Train_Avant,Train_Arriere
41713,MouvementHandlerController,39000,6,65000,13000,153 : 52352 (True) - TAirplanePhysicsConfiguration,97 : 40787 (True) - TCriticalEffectModuleDescriptor,300000,InShowRoom,Landing Gear,Train_Avant,Train_Arriere
41720,MouvementHandlerController,46800,6,39000,7800,153 : 52359 (True) - TAirplanePhysicsConfiguration,97 : 40787 (True) - TCriticalEffectModuleDescriptor,300000,InShowRoom,Landing Gear,Train_Avant,Train_Arriere
41727,MouvementHandlerController,46800,6,39000,7800,153 : 52366 (True) - TAirplanePhysicsConfiguration,97 : 40787 (True) - TCriticalEffectModuleDescriptor,300000,InShowRoom,Landing Gear,Train_Avant,Train_Arriere
41734,MouvementHandlerController,39000,6,52000,10400,153 : 52372 (True) - TAirplanePhysicsConfiguration,97 : 40787 (True) - TCriticalEffectModuleDescriptor,300000,InShowRoom,Landing Gear,Train_Avant,Train_Arriere
41740,MouvementHandlerController,52000,6,65000,13000,153 : 52378 (True) - TAirplanePhysicsConfiguration,97 : 40787 (True) - TCriticalEffectModuleDescriptor,300000,InShowRoom,Landing Gear,Train_Avant,Train_Arriere
41747,MouvementHandlerController,52000,6,39000,7800,153 : 52386 (True) - TAirplanePhysicsConfiguration,97 : 40787 (True) - TCriticalEffectModuleDescriptor,300000,InShowRoom,Landing Gear,Train_Avant,Train_Arriere
41754,MouvementHandlerController,52000,6,65000,13000,153 : 52394 (True) - TAirplanePhysicsConfiguration,97 : 40787 (True) - TCriticalEffectModuleDescriptor,300000,InShowRoom,Landing Gear,Train_Avant,Train_Arriere
41761,MouvementHandlerController,46800,6,65000,13000,153 : 52402 (True) - TAirplanePhysicsConfiguration,97 : 40787 (True) - TCriticalEffectModuleDescriptor,300000,InShowRoom,Landing Gear,Train_Avant,Train_Arriere
41768,MouvementHandlerController,52000,6,65000,13000,153 : 52410 (True) - TAirplanePhysicsConfiguration,97 : 40787 (True) - TCriticalEffectModuleDescriptor,300000,InShowRoom,Landing Gear,Train_Avant,Train_Arriere
41775,MouvementHandlerController,31200,6,39000,7800,153 : 52416 (True) - TAirplanePhysicsConfiguration,97 : 40787 (True) - TCriticalEffectModuleDescriptor,300000,InShowRoom,Landing Gear,Train_Avant,Train_Arriere
41782,MouvementHandlerController,31200,6,39000,7800,153 : 52422 (True) - TAirplanePhysicsConfiguration,97 : 40787 (True) - TCriticalEffectModuleDescriptor,300000,InShowRoom,Landing Gear,Train_Avant,Train_Arriere
41789,MouvementHandlerController,31200,6,52000,10400,153 : 52430 (True) - TAirplanePhysicsConfiguration,97 : 40787 (True) - TCriticalEffectModuleDescriptor,300000,InShowRoom,Landing Gear,Train_Avant,Train_Arriere
41797,MouvementHandlerController,31200,6,39000,7800,153 : 52436 (True) - TAirplanePhysicsConfiguration,97 : 40787 (True) - TCriticalEffectModuleDescriptor,300000,InShowRoom,Landing Gear,Train_Avant,Train_Arriere
41804,MouvementHandlerController,39000,6,26000,5200,153 : 52443 (True) - TAirplanePhysicsConfiguration,97 : 40787 (True) - TCriticalEffectModuleDescriptor,300000,InShowRoom,Landing Gear,Train_Avant,Train_Arriere
41811,MouvementHandlerController,52000,6,52000,10400,153 : 52451 (True) - TAirplanePhysicsConfiguration,97 : 40787 (True) - TCriticalEffectModuleDescriptor,300000,InShowRoom,Landing Gear,Train_Avant,Train_Arriere
41818,MouvementHandlerController,39000,6,26000,5200,153 : 52459 (True) - TAirplanePhysicsConfiguration,97 : 40787 (True) - TCriticalEffectModuleDescriptor,300000,InShowRoom,Landing Gear,Train_Avant,Train_Arriere
41825,MouvementHandlerController,39000,6,39000,7800,153 : 52465 (True) - TAirplanePhysicsConfiguration,97 : 40787 (True) - TCriticalEffectModuleDescriptor,300000,InShowRoom,Landing Gear,Train_Avant,Train_Arriere
41832,MouvementHandlerController,52000,6,26000,5200,153 : 52472 (True) - TAirplanePhysicsConfiguration,97 : 40787 (True) - TCriticalEffectModuleDescriptor,300000,InShowRoom,Landing Gear,Train_Avant,Train_Arriere
41839,MouvementHandlerController,52000,6,26000,5200,153 : 52479 (True) - TAirplanePhysicsConfiguration,97 : 40787 (True) - TCriticalEffectModuleDescriptor,300000,InShowRoom,Landing Gear,Train_Avant,Train_Arriere
41846,MouvementHandlerController,52000,6,52000,10400,153 : 52487 (True) - TAirplanePhysicsConfiguration,97 : 40787 (True) - TCriticalEffectModuleDescriptor,300000,InShowRoom,Landing Gear,Train_Avant,Train_Arriere
41853,MouvementHandlerController,46800,6,65000,13000,153 : 52495 (True) - TAirplanePhysicsConfiguration,97 : 40787 (True) - TCriticalEffectModuleDescriptor,300000,InShowRoom,Landing Gear,Train_Avant,Train_Arriere
41860,MouvementHandlerController,46800,6,65000,13000,153 : 52503 (True) - TAirplanePhysicsConfiguration,97 : 40787 (True) - TCriticalEffectModuleDescriptor,300000,InShowRoom,Landing Gear,Train_Avant,Train_Arriere
41867,MouvementHandlerController,39000,6,39000,7800,153 : 52511 (True) - TAirplanePhysicsConfiguration,97 : 40787 (True) - TCriticalEffectModuleDescriptor,300000,InShowRoom,Landing Gear,Train_Avant,Train_Arriere
41874,MouvementHandlerController,39000,6,39000,7800,153 : 52519 (True) - TAirplanePhysicsConfiguration,97 : 40787 (True) - TCriticalEffectModuleDescriptor,300000,InShowRoom,Landing Gear,Train_Avant,Train_Arriere
41881,MouvementHandlerController,39000,6,65000,13000,153 : 52525 (True) - TAirplanePhysicsConfiguration,97 : 40787 (True) - TCriticalEffectModuleDescriptor,300000,InShowRoom,Landing Gear,Train_Avant,Train_Arriere
41888,MouvementHandlerController,52000,6,65000,13000,153 : 52533 (True) - TAirplanePhysicsConfiguration,97 : 40787 (True) - TCriticalEffectModuleDescriptor,300000,InShowRoom,Landing Gear,Train_Avant,Train_Arriere
41895,MouvementHandlerController,52000,6,65000,13000,153 : 52540 (True) - TAirplanePhysicsConfiguration,97 : 40787 (True) - TCriticalEffectModuleDescriptor,300000,InShowRoom,Landing Gear,Train_Avant,Train_Arriere
41902,MouvementHandlerController,52000,6,65000,13000,153 : 52547 (True) - TAirplanePhysicsConfiguration,97 : 40787 (True) - TCriticalEffectModuleDescriptor,300000,InShowRoom,Landing Gear,Train_Avant,Train_Arriere
41909,MouvementHandlerController,52000,6,65000,13000,153 : 52555 (True) - TAirplanePhysicsConfiguration,97 : 40787 (True) - TCriticalEffectModuleDescriptor,300000,InShowRoom,Landing Gear,Train_Avant,Train_Arriere
41916,MouvementHandlerController,52000,6,26000,5200,153 : 52562 (True) - TAirplanePhysicsConfiguration,97 : 40787 (True) - TCriticalEffectModuleDescriptor,300000,InShowRoom,Landing Gear,Train_Avant,Train_Arriere
41923,MouvementHandlerController,52000,6,52000,10400,153 : 52570 (True) - TAirplanePhysicsConfiguration,97 : 40787 (True) - TCriticalEffectModuleDescriptor,300000,InShowRoom,Landing Gear,Train_Avant,Train_Arriere
41930,MouvementHandlerController,52000,6,26000,5200,153 : 52577 (True) - TAirplanePhysicsConfiguration,97 : 40787 (True) - TCriticalEffectModuleDescriptor,300000,InShowRoom,Landing Gear,Train_Avant,Train_Arriere
41937,MouvementHandlerController,52000,6,52000,10400,153 : 52585 (True) - TAirplanePhysicsConfiguration,97 : 40787 (True) - TCriticalEffectModuleDescriptor,300000,InShowRoom,Landing Gear,Train_Avant,Train_Arriere
41944,MouvementHandlerController,52000,6,26000,5200,153 : 52591 (True) - TAirplanePhysicsConfiguration,97 : 40787 (True) - TCriticalEffectModuleDescriptor,300000,InShowRoom,Landing Gear,Train_Avant,Train_Arriere
41951,MouvementHandlerController,46800,6,52000,10400,153 : 52599 (True) - TAirplanePhysicsConfiguration,97 : 40787 (True) - TCriticalEffectModuleDescriptor,300000,InShowRoom,Landing Gear,Train_Avant,Train_Arriere
41958,MouvementHandlerController,46800,6,65000,13000,153 : 52607 (True) - TAirplanePhysicsConfiguration,97 : 40787 (True) - TCriticalEffectModuleDescriptor,300000,InShowRoom,Landing Gear,Train_Avant,Train_Arriere
41965,MouvementHandlerController,52000,6,26000,5200,153 : 52614 (True) - TAirplanePhysicsConfiguration,97 : 40787 (True) - TCriticalEffectModuleDescriptor,300000,InShowRoom,Landing Gear,Train_Avant,Train_Arriere
41972,MouvementHandlerController,46800,6,65000,13000,153 : 52622 (True) - TAirplanePhysicsConfiguration,97 : 40787 (True) - TCriticalEffectModuleDescriptor,300000,InShowRoom,Landing Gear,Train_Avant,Train_Arriere
41979,MouvementHandlerController,46800,6,65000,13000,153 : 52629 (True) - TAirplanePhysicsConfiguration,97 : 40787 (True) - TCriticalEffectModuleDescriptor,300000,InShowRoom,Landing Gear,Train_Avant,Train_Arriere
41986,MouvementHandlerController,46800,6,65000,13000,153 : 52637 (True) - TAirplanePhysicsConfiguration,97 : 40787 (True) - TCriticalEffectModuleDescriptor,300000,InShowRoom,Landing Gear,Train_Avant,Train_Arriere
41993,MouvementHandlerController,46800,6,65000,13000,153 : 52644 (True) - TAirplanePhysicsConfiguration,97 : 40787 (True) - TCriticalEffectModuleDescriptor,300000,InShowRoom,Landing Gear,Train_Avant,Train_Arriere
42000,MouvementHandlerController,52000,6,26000,5200,153 : 52650 (True) - TAirplanePhysicsConfiguration,97 : 40787 (True) - TCriticalEffectModuleDescriptor,300000,InShowRoom,Landing Gear,Train_Avant,Train_Arriere
42007,MouvementHandlerController,52000,6,78000,15600,153 : 52657 (True) - TAirplanePhysicsConfiguration,97 : 40787 (True) - TCriticalEffectModuleDescriptor,300000,InShowRoom,Landing Gear,Train_Avant,Train_Arriere
42014,MouvementHandlerController,52000,6,26000,5200,153 : 52663 (True) - TAirplanePhysicsConfiguration,97 : 40787 (True) - TCriticalEffectModuleDescriptor,300000,InShowRoom,Landing Gear,Train_Avant,Train_Arriere
42021,MouvementHandlerController,52000,6,65000,13000,153 : 52669 (True) - TAirplanePhysicsConfiguration,97 : 40787 (True) - TCriticalEffectModuleDescriptor,300000,InShowRoom,Landing Gear,Train_Avant,Train_Arriere
42028,MouvementHandlerController,46800,6,26000,5200,153 : 52676 (True) - TAirplanePhysicsConfiguration,97 : 40787 (True) - TCriticalEffectModuleDescriptor,300000,InShowRoom,Landing Gear,Train_Avant,Train_Arriere
42035,MouvementHandlerController,46800,6,26000,5200,153 : 52683 (True) - TAirplanePhysicsConfiguration,97 : 40787 (True) - TCriticalEffectModuleDescriptor,300000,InShowRoom,Landing Gear,Train_Avant,Train_Arriere
42042,MouvementHandlerController,46800,6,26000,5200,153 : 52690 (True) - TAirplanePhysicsConfiguration,97 : 40787 (True) - TCriticalEffectModuleDescriptor,300000,InShowRoom,Landing Gear,Train_Avant,Train_Arriere
42049,MouvementHandlerController,46800,6,52000,10400,153 : 52698 (True) - TAirplanePhysicsConfiguration,97 : 40787 (True) - TCriticalEffectModuleDescriptor,300000,InShowRoom,Landing Gear,Train_Avant,Train_Arriere
42057,MouvementHandlerController,46800,6,52000,10400,153 : 52706 (True) - TAirplanePhysicsConfiguration,97 : 40787 (True) - TCriticalEffectModuleDescriptor,300000,InShowRoom,Landing Gear,Train_Avant,Train_Arriere
42064,MouvementHandlerController,52000,6,65000,13000,153 : 52713 (True) - TAirplanePhysicsConfiguration,97 : 40787 (True) - TCriticalEffectModuleDescriptor,300000,InShowRoom,Landing Gear,Train_Avant,Train_Arriere
42071,MouvementHandlerController,46800,6,52000,10400,153 : 52721 (True) - TAirplanePhysicsConfiguration,97 : 40787 (True) - TCriticalEffectModuleDescriptor,300000,InShowRoom,Landing Gear,Train_Avant,Train_Arriere
42078,MouvementHandlerController,46800,6,52000,10400,153 : 52729 (True) - TAirplanePhysicsConfiguration,97 : 40787 (True) - TCriticalEffectModuleDescriptor,300000,InShowRoom,Landing Gear,Train_Avant,Train_Arriere
42085,MouvementHandlerController,46800,6,65000,13000,153 : 52737 (True) - TAirplanePhysicsConfiguration,97 : 40787 (True) - TCriticalEffectModuleDescriptor,300000,InShowRoom,Landing Gear,Train_Avant,Train_Arriere
42092,MouvementHandlerController,46800,6,65000,13000,153 : 52745 (True) - TAirplanePhysicsConfiguration,97 : 40787 (True) - TCriticalEffectModuleDescriptor,300000,InShowRoom,Landing Gear,Train_Avant,Train_Arriere
42099,MouvementHandlerController,57200,6,78000,15600,153 : 52751 (True) - TAirplanePhysicsConfiguration,97 : 40787 (True) - TCriticalEffectModuleDescriptor,300000,InShowRoom,Landing Gear,Train_Avant,Train_Arriere
42106,MouvementHandlerController,57200,6,78000,15600,153 : 52758 (True) - TAirplanePhysicsConfiguration,97 : 40787 (True) - TCriticalEffectModuleDescriptor,300000,InShowRoom,Landing Gear,Train_Avant,Train_Arriere
42113,MouvementHandlerController,52000,6,65000,13000,153 : 52766 (True) - TAirplanePhysicsConfiguration,97 : 40787 (True) - TCriticalEffectModuleDescriptor,300000,InShowRoom,Landing Gear,Train_Avant,Train_Arriere
42120,MouvementHandlerController,46800,6,52000,10400,153 : 52774 (True) - TAirplanePhysicsConfiguration,97 : 40787 (True) - TCriticalEffectModuleDescriptor,300000,InShowRoom,Landing Gear,Train_Avant,Train_Arriere
42127,MouvementHandlerController,46800,6,65000,13000,153 : 52782 (True) - TAirplanePhysicsConfiguration,97 : 40787 (True) - TCriticalEffectModuleDescriptor,300000,InShowRoom,Landing Gear,Train_Avant,Train_Arriere
42134,MouvementHandlerController,46800,6,52000,10400,153 : 52790 (True) - TAirplanePhysicsConfiguration,97 : 40787 (True) - TCriticalEffectModuleDescriptor,300000,InShowRoom,Landing Gear,Train_Avant,Train_Arriere
42141,MouvementHandlerController,46800,6,65000,13000,153 : 52798 (True) - TAirplanePhysicsConfiguration,97 : 40787 (True) - TCriticalEffectModuleDescriptor,300000,InShowRoom,Landing Gear,Train_Avant,Train_Arriere
42148,MouvementHandlerController,46800,6,52000,10400,153 : 52806 (True) - TAirplanePhysicsConfiguration,97 : 40787 (True) - TCriticalEffectModuleDescriptor,300000,InShowRoom,Landing Gear,Train_Avant,Train_Arriere
42155,MouvementHandlerController,46800,6,65000,13000,153 : 52813 (True) - TAirplanePhysicsConfiguration,97 : 40787 (True) - TCriticalEffectModuleDescriptor,300000,InShowRoom,Landing Gear,Train_Avant,Train_Arriere
42162,MouvementHandlerController,46800,6,52000,10400,153 : 52821 (True) - TAirplanePhysicsConfiguration,97 : 40787 (True) - TCriticalEffectModuleDescriptor,300000,InShowRoom,Landing Gear,Train_Avant,Train_Arriere
42169,MouvementHandlerController,46800,6,65000,13000,153 : 52829 (True) - TAirplanePhysicsConfiguration,97 : 40787 (True) - TCriticalEffectModuleDescriptor,300000,InShowRoom,Landing Gear,Train_Avant,Train_Arriere
42176,MouvementHandlerController,46800,6,52000,10400,153 : 52836 (True) - TAirplanePhysicsConfiguration,97 : 40787 (True) - TCriticalEffectModuleDescriptor,300000,InShowRoom,Landing Gear,Train_Avant,Train_Arriere
42183,MouvementHandlerController,31200,6,39000,7800,153 : 52842 (True) - TAirplanePhysicsConfiguration,97 : 40787 (True) - TCriticalEffectModuleDescriptor,300000,InShowRoom,Landing Gear,Train_Avant,Train_Arriere
42190,MouvementHandlerController,39000,6,52000,10400,153 : 52850 (True) - TAirplanePhysicsConfiguration,97 : 40787 (True) - TCriticalEffectModuleDescriptor,300000,InShowRoom,Landing Gear,Train_Avant,Train_Arriere
42197,MouvementHandlerController,39000,6,26000,5200,153 : 52857 (True) - TAirplanePhysicsConfiguration,97 : 40787 (True) - TCriticalEffectModuleDescriptor,300000,InShowRoom,Landing Gear,Train_Avant,Train_Arriere
42204,MouvementHandlerController,39000,6,39000,7800,153 : 52864 (True) - TAirplanePhysicsConfiguration,97 : 40787 (True) - TCriticalEffectModuleDescriptor,300000,InShowRoom,Landing Gear,Train_Avant,Train_Arriere
42211,MouvementHandlerController,46800,6,39000,7800,153 : 52871 (True) - TAirplanePhysicsConfiguration,97 : 40787 (True) - TCriticalEffectModuleDescriptor,300000,InShowRoom,Landing Gear,Train_Avant,Train_Arriere
42218,MouvementHandlerController,39000,6,26000,5200,153 : 52878 (True) - TAirplanePhysicsConfiguration,97 : 40787 (True) - TCriticalEffectModuleDescriptor,300000,InShowRoom,Landing Gear,Train_Avant,Train_Arriere
42225,MouvementHandlerController,39000,6,52000,10400,153 : 52886 (True) - TAirplanePhysicsConfiguration,97 : 40787 (True) - TCriticalEffectModuleDescriptor,300000,InShowRoom,Landing Gear,Train_Avant,Train_Arriere
42232,MouvementHandlerController,39000,6,52000,10400,153 : 52894 (True) - TAirplanePhysicsConfiguration,97 : 40787 (True) - TCriticalEffectModuleDescriptor,300000,InShowRoom,Landing Gear,Train_Avant,Train_Arriere
42239,MouvementHandlerController,39000,6,52000,10400,153 : 52901 (True) - TAirplanePhysicsConfiguration,97 : 40787 (True) - TCriticalEffectModuleDescriptor,300000,InShowRoom,Landing Gear,Train_Avant,Train_Arriere
42246,MouvementHandlerController,39000,6,26000,5200,153 : 52908 (True) - TAirplanePhysicsConfiguration,97 : 40787 (True) - TCriticalEffectModuleDescriptor,300000,InShowRoom,Landing Gear,Train_Avant,Train_Arriere
42253,MouvementHandlerController,52000,6,65000,13000,153 : 52916 (True) - TAirplanePhysicsConfiguration,97 : 40787 (True) - TCriticalEffectModuleDescriptor,300000,InShowRoom,Landing Gear,Train_Avant,Train_Arriere
42260,MouvementHandlerController,52000,6,65000,13000,153 : 52924 (True) - TAirplanePhysicsConfiguration,97 : 40787 (True) - TCriticalEffectModuleDescriptor,300000,InShowRoom,Landing Gear,Train_Avant,Train_Arriere
42267,MouvementHandlerController,31200,6,26000,5200,153 : 52930 (True) - TAirplanePhysicsConfiguration,97 : 40787 (True) - TCriticalEffectModuleDescriptor,300000,InShowRoom,Landing Gear,Train_Avant,Train_Arriere
42274,MouvementHandlerController,46800,6,26000,2600,153 : 52937 (True) - TAirplanePhysicsConfiguration,97 : 40787 (True) - TCriticalEffectModuleDescriptor,300000,InShowRoom,Landing Gear,Train_Avant,Train_Arriere
42281,MouvementHandlerController,46800,6,26000,2600,153 : 52945 (True) - TAirplanePhysicsConfiguration,97 : 40787 (True) - TCriticalEffectModuleDescriptor,300000,InShowRoom,Landing Gear,Train_Avant,Train_Arriere
42288,MouvementHandlerController,46800,6,65000,13000,153 : 52953 (True) - TAirplanePhysicsConfiguration,97 : 40787 (True) - TCriticalEffectModuleDescriptor,300000,InShowRoom,Landing Gear,Train_Avant,Train_Arriere
42295,MouvementHandlerController,46800,6,52000,10400,153 : 52960 (True) - TAirplanePhysicsConfiguration,97 : 40787 (True) - TCriticalEffectModuleDescriptor,300000,InShowRoom,Landing Gear,Train_Avant,Train_Arriere
42302,MouvementHandlerController,46800,6,52000,10400,153 : 52967 (True) - TAirplanePhysicsConfiguration,97 : 40787 (True) - TCriticalEffectModuleDescriptor,300000,InShowRoom,Landing Gear,Train_Avant,Train_Arriere
42309,MouvementHandlerController,46800,6,65000,13000,153 : 52975 (True) - TAirplanePhysicsConfiguration,97 : 40787 (True) - TCriticalEffectModuleDescriptor,300000,InShowRoom,Landing Gear,Train_Avant,Train_Arriere
42316,MouvementHandlerController,39000,6,65000,13000,153 : 52982 (True) - TAirplanePhysicsConfiguration,97 : 40787 (True) - TCriticalEffectModuleDescriptor,300000,InShowRoom,Landing Gear,Train_Avant,Train_Arriere
42323,MouvementHandlerController,39000,6,65000,13000,153 : 52990 (True) - TAirplanePhysicsConfiguration,97 : 40787 (True) - TCriticalEffectModuleDescriptor,300000,InShowRoom,Landing Gear,Train_Avant,Train_Arriere
42330,MouvementHandlerController,52000,6,65000,13000,153 : 52998 (True) - TAirplanePhysicsConfiguration,97 : 40787 (True) - TCriticalEffectModuleDescriptor,300000,InShowRoom,Landing Gear,Train_Avant,Train_Arriere
42337,MouvementHandlerController,52000,6,65000,13000,153 : 53005 (True) - TAirplanePhysicsConfiguration,97 : 40787 (True) - TCriticalEffectModuleDescriptor,300000,InShowRoom,Landing Gear,Train_Avant,Train_Arriere
42344,MouvementHandlerController,39000,6,26000,5200,153 : 53013 (True) - TAirplanePhysicsConfiguration,97 : 40787 (True) - TCriticalEffectModuleDescriptor,300000,InShowRoom,Landing Gear,Train_Avant,Train_Arriere
42351,MouvementHandlerController,39000,6,65000,13000,153 : 53020 (True) - TAirplanePhysicsConfiguration,97 : 40787 (True) - TCriticalEffectModuleDescriptor,300000,InShowRoom,Landing Gear,Train_Avant,Train_Arriere
42358,MouvementHandlerController,39000,6,39000,7800,153 : 53027 (True) - TAirplanePhysicsConfiguration,97 : 40787 (True) - TCriticalEffectModuleDescriptor,300000,InShowRoom,Landing Gear,Train_Avant,Train_Arriere
42365,MouvementHandlerController,39000,6,26000,5200,153 : 53035 (True) - TAirplanePhysicsConfiguration,97 : 40787 (True) - TCriticalEffectModuleDescriptor,300000,InShowRoom,Landing Gear,Train_Avant,Train_Arriere
42372,MouvementHandlerController,39000,6,65000,13000,153 : 53043 (True) - TAirplanePhysicsConfiguration,97 : 40787 (True) - TCriticalEffectModuleDescriptor,300000,InShowRoom,Landing Gear,Train_Avant,Train_Arriere
42379,MouvementHandlerController,39000,6,26000,5200,153 : 53051 (True) - TAirplanePhysicsConfiguration,97 : 40787 (True) - TCriticalEffectModuleDescriptor,300000,InShowRoom,Landing Gear,Train_Avant,Train_Arriere
42386,MouvementHandlerController,46800,6,39000,7800,153 : 53058 (True) - TAirplanePhysicsConfiguration,97 : 40787 (True) - TCriticalEffectModuleDescriptor,300000,InShowRoom,Landing Gear,Train_Avant,Train_Arriere
42393,MouvementHandlerController,46800,6,65000,13000,153 : 53065 (True) - TAirplanePhysicsConfiguration,97 : 40787 (True) - TCriticalEffectModuleDescriptor,300000,InShowRoom,Landing Gear,Train_Avant,Train_Arriere
42401,MouvementHandlerController,39000,6,26000,5200,153 : 53073 (True) - TAirplanePhysicsConfiguration,97 : 40787 (True) - TCriticalEffectModuleDescriptor,300000,InShowRoom,Landing Gear,Train_Avant,Train_Arriere
42408,MouvementHandlerController,39000,6,26000,5200,153 : 53081 (True) - TAirplanePhysicsConfiguration,97 : 40787 (True) - TCriticalEffectModuleDescriptor,300000,InShowRoom,Landing Gear,Train_Avant,Train_Arriere
42415,MouvementHandlerController,39000,6,26000,5200,153 : 53089 (True) - TAirplanePhysicsConfiguration,97 : 40787 (True) - TCriticalEffectModuleDescriptor,300000,InShowRoom,Landing Gear,Train_Avant,Train_Arriere
42422,MouvementHandlerController,39000,6,26000,5200,153 : 53097 (True) - TAirplanePhysicsConfiguration,97 : 40787 (True) - TCriticalEffectModuleDescriptor,300000,InShowRoom,Landing Gear,Train_Avant,Train_Arriere
42429,MouvementHandlerController,52000,6,52000,10400,153 : 53105 (True) - TAirplanePhysicsConfiguration,97 : 40787 (True) - TCriticalEffectModuleDescriptor,300000,InShowRoom,Landing Gear,Train_Avant,Train_Arriere
42436,MouvementHandlerController,52000,6,52000,10400,153 : 53113 (True) - TAirplanePhysicsConfiguration,97 : 40787 (True) - TCriticalEffectModuleDescriptor,300000,InShowRoom,Landing Gear,Train_Avant,Train_Arriere
42443,MouvementHandlerController,46800,6,65000,13000,153 : 53121 (True) - TAirplanePhysicsConfiguration,97 : 40787 (True) - TCriticalEffectModuleDescriptor,300000,InShowRoom,Landing Gear,Train_Avant,Train_Arriere
42450,MouvementHandlerController,46800,6,65000,13000,153 : 53129 (True) - TAirplanePhysicsConfiguration,97 : 40787 (True) - TCriticalEffectModuleDescriptor,300000,InShowRoom,Landing Gear,Train_Avant,Train_Arriere
42457,MouvementHandlerController,52000,6,65000,13000,153 : 53137 (True) - TAirplanePhysicsConfiguration,97 : 40787 (True) - TCriticalEffectModuleDescriptor,300000,InShowRoom,Landing Gear,Train_Avant,Train_Arriere
42464,MouvementHandlerController,39000,6,26000,5200,153 : 53144 (True) - TAirplanePhysicsConfiguration,97 : 40787 (True) - TCriticalEffectModuleDescriptor,300000,InShowRoom,Landing Gear,Train_Avant,Train_Arriere
42471,MouvementHandlerController,39000,6,65000,13000,153 : 53151 (True) - TAirplanePhysicsConfiguration,97 : 40787 (True) - TCriticalEffectModuleDescriptor,300000,InShowRoom,Landing Gear,Train_Avant,Train_Arriere
42478,MouvementHandlerController,39000,6,26000,5200,153 : 53158 (True) - TAirplanePhysicsConfiguration,97 : 40787 (True) - TCriticalEffectModuleDescriptor,300000,InShowRoom,Landing Gear,Train_Avant,Train_Arriere
42485,MouvementHandlerController,39000,6,26000,5200,153 : 53165 (True) - TAirplanePhysicsConfiguration,97 : 40787 (True) - TCriticalEffectModuleDescriptor,300000,InShowRoom,Landing Gear,Train_Avant,Train_Arriere
42492,MouvementHandlerController,39000,6,26000,5200,153 : 53172 (True) - TAirplanePhysicsConfiguration,97 : 40787 (True) - TCriticalEffectModuleDescriptor,300000,InShowRoom,Landing Gear,Train_Avant,Train_Arriere
42499,MouvementHandlerController,39000,6,26000,5200,153 : 53178 (True) - TAirplanePhysicsConfiguration,97 : 40787 (True) - TCriticalEffectModuleDescriptor,300000,InShowRoom,Landing Gear,Train_Avant,Train_Arriere
42506,MouvementHandlerController,39000,6,26000,5200,153 : 53185 (True) - TAirplanePhysicsConfiguration,97 : 40787 (True) - TCriticalEffectModuleDescriptor,300000,InShowRoom,Landing Gear,Train_Avant,Train_Arriere
42513,MouvementHandlerController,52000,6,65000,13000,153 : 53193 (True) - TAirplanePhysicsConfiguration,97 : 40787 (True) - TCriticalEffectModuleDescriptor,300000,InShowRoom,Landing Gear,Train_Avant,Train_Arriere
42520,MouvementHandlerController,52000,6,65000,13000,153 : 53201 (True) - TAirplanePhysicsConfiguration,97 : 40787 (True) - TCriticalEffectModuleDescriptor,300000,InShowRoom,Landing Gear,Train_Avant,Train_Arriere
42527,MouvementHandlerController,52000,6,52000,10400,153 : 53209 (True) - TAirplanePhysicsConfiguration,97 : 40787 (True) - TCriticalEffectModuleDescriptor,300000,InShowRoom,Landing Gear,Train_Avant,Train_Arriere
42534,MouvementHandlerController,52000,6,52000,10400,153 : 53217 (True) - TAirplanePhysicsConfiguration,97 : 40787 (True) - TCriticalEffectModuleDescriptor,300000,InShowRoom,Landing Gear,Train_Avant,Train_Arriere
42541,MouvementHandlerController,31200,6,39000,7800,153 : 53223 (True) - TAirplanePhysicsConfiguration,97 : 40787 (True) - TCriticalEffectModuleDescriptor,300000,InShowRoom,Landing Gear,Train_Avant,Train_Arriere
42548,MouvementHandlerController,31200,6,26000,5200,153 : 53229 (True) - TAirplanePhysicsConfiguration,97 : 40787 (True) - TCriticalEffectModuleDescriptor,300000,InShowRoom,Landing Gear,Train_Avant,Train_Arriere
42555,MouvementHandlerController,52000,6,65000,13000,153 : 53237 (True) - TAirplanePhysicsConfiguration,97 : 40787 (True) - TCriticalEffectModuleDescriptor,300000,InShowRoom,Landing Gear,Train_Avant,Train_Arriere
42562,MouvementHandlerController,39000,6,39000,7800,153 : 53244 (True) - TAirplanePhysicsConfiguration,97 : 40787 (True) - TCriticalEffectModuleDescriptor,300000,InShowRoom,Landing Gear,Train_Avant,Train_Arriere
42569,MouvementHandlerController,52000,6,52000,10400,153 : 53252 (True) - TAirplanePhysicsConfiguration,97 : 40787 (True) - TCriticalEffectModuleDescriptor,300000,InShowRoom,Landing Gear,Train_Avant,Train_Arriere
42576,MouvementHandlerController,52000,6,52000,10400,153 : 53260 (True) - TAirplanePhysicsConfiguration,97 : 40787 (True) - TCriticalEffectModuleDescriptor,300000,InShowRoom,Landing Gear,Train_Avant,Train_Arriere
42583,MouvementHandlerController,52000,6,52000,10400,153 : 53268 (True) - TAirplanePhysicsConfiguration,97 : 40787 (True) - TCriticalEffectModuleDescriptor,300000,InShowRoom,Landing Gear,Train_Avant,Train_Arriere
42590,MouvementHandlerController,52000,6,65000,13000,153 : 53275 (True) - TAirplanePhysicsConfiguration,97 : 40787 (True) - TCriticalEffectModuleDescriptor,300000,InShowRoom,Landing Gear,Train_Avant,Train_Arriere
42597,MouvementHandlerController,52000,6,52000,10400,153 : 53283 (True) - TAirplanePhysicsConfiguration,97 : 40787 (True) - TCriticalEffectModuleDescriptor,300000,InShowRoom,Landing Gear,Train_Avant,Train_Arriere
42604,MouvementHandlerController,52000,6,52000,10400,153 : 53291 (True) - TAirplanePhysicsConfiguration,97 : 40787 (True) - TCriticalEffectModuleDescriptor,300000,InShowRoom,Landing Gear,Train_Avant,Train_Arriere
