[ID],NbFX,MountedWeaponDescriptorList,Tag,TagIndex,AngleRotationMax,AngleRotationMinPitch,AngleRotationMaxPitch,TargetPositionPhysicalPropertyName,FlyingTimeAndHitPhysicalPropertyName,OwnerTurnHisChassisVerticallyToAttack
45085,1,Collection[1],tourelle2,2,1.570796,-0.5235988,0.3490658,null,null,null
45582,1,Collection[1],tourelle1,1,0.3490658,-0.2617994,0.3490658,null,null,null
45583,1,Collection[1],tourelle2,2,0.3490658,-0.2617994,0.3490658,null,null,null
45775,1,Collection[1],tourelle1,1,1.570796,-0.5235988,0.3490658,null,null,null
45822,1,Collection[1],tourelle3,3,1.570796,-0.5235988,0.3490658,null,null,null
45828,1,Collection[1],tourelle3,3,1.570796,-0.5235988,0.3490658,null,null,null
45835,1,Collection[1],tourelle3,3,1.570796,-0.5235988,0.3490658,null,null,null
47091,1,Collection[1],tourelle3,3,1.570796,-0.5235988,0.3490658,null,null,null
49277,1,Collection[2],tourelle2,2,1.570796,-0.5235988,0.3490658,null,null,null
49962,1,Collection[1],tourelle1,1,1.570796,-0.5235988,0.3490658,null,null,null
49967,1,Collection[1],tourelle1,1,1.570796,-0.5235988,0.3490658,null,null,null
50862,1,Collection[1],tourelle3,3,1.570796,-0.5235988,0.3490658,null,null,null
52795,2,Collection[1],tourelle2,2,0.3490658,-0.2617994,0.3490658,null,null,null
52796,4,Collection[1],tourelle3,3,1.570796,-0.5235988,0.3490658,null,null,null
52801,2,Collection[1],tourelle3,3,1.570796,-0.5235988,0.3490658,null,null,null
52806,2,Collection[1],tourelle2,2,0.3490658,-0.2617994,0.3490658,null,null,null
52807,4,Collection[1],tourelle3,3,1.570796,-0.5235988,0.3490658,null,null,null
52812,2,Collection[1],tourelle2,2,0.3490658,-0.2617994,0.3490658,null,null,null
52813,4,Collection[1],tourelle3,3,1.570796,-0.5235988,0.3490658,null,null,null
52818,2,Collection[1],tourelle2,2,0.3490658,-0.2617994,0.3490658,null,null,null
52819,4,Collection[1],tourelle3,3,1.570796,-0.5235988,0.3490658,null,null,null
52824,2,Collection[1],tourelle2,2,0.3490658,-0.2617994,0.3490658,null,null,null
52825,4,Collection[1],tourelle3,3,1.570796,-0.5235988,0.3490658,null,null,null
52831,2,Collection[1],tourelle2,2,0.3490658,-0.2617994,0.3490658,null,null,null
52832,2,Collection[1],tourelle3,3,0.3490658,-0.2617994,0.3490658,null,null,null
52839,2,Collection[1],tourelle2,2,0.3490658,-0.2617994,0.3490658,null,null,null
52840,2,Collection[1],tourelle3,3,0.3490658,-0.2617994,0.3490658,null,null,null
52845,2,Collection[1],tourelle2,2,0.3490658,-0.2617994,0.3490658,null,null,null
52846,4,Collection[1],tourelle3,3,1.570796,-0.5235988,0.3490658,null,null,null
52851,2,Collection[1],tourelle2,2,0.3490658,-0.2617994,0.3490658,null,null,null
52852,4,Collection[1],tourelle3,3,1.570796,-0.5235988,0.3490658,null,null,null
52858,2,Collection[1],tourelle2,2,1.570796,-0.5235988,1.047198,null,null,null
52859,4,Collection[1],tourelle3,3,1.570796,-0.5235988,0.3490658,null,null,null
52865,8,Collection[1],tourelle2,2,0.3490658,-0.2617994,0.3490658,null,null,null
52866,2,Collection[1],tourelle3,3,1.570796,-0.5235988,0.3490658,null,null,null
52874,2,Collection[1],tourelle3,3,1.570796,-0.5235988,0.3490658,null,null,null
52881,8,Collection[1],tourelle2,2,0.3490658,-0.2617994,0.3490658,null,null,null
52887,8,Collection[1],tourelle2,2,1.570796,-0.5235988,0.3490658,null,null,null
52892,2,Collection[1],tourelle1,1,0.3490658,-0.2617994,0.3490658,TargetPositionTurret1,FlyingTimeAndHit1,null
52897,2,Collection[1],tourelle2,2,0.3490658,-0.2617994,0.3490658,null,null,null
52898,4,Collection[1],tourelle3,3,1.570796,-0.5235988,0.3490658,null,null,null
52902,1,Collection[1],tourelle1,1,1.570796,-0.5235988,0.3490658,null,null,null
52920,2,Collection[1],tourelle2,2,0.3490658,-0.2617994,0.3490658,null,null,null
52924,2,Collection[1],tourelle2,2,0.3490658,-0.2617994,0.3490658,null,null,null
52945,8,Collection[1],tourelle1,1,1.570796,-0.5235988,0.3490658,null,null,null
52950,1,Collection[2],tourelle1,1,0.2792527,-0.3490658,0.1745329,TargetPositionTurret1,FlyingTimeAndHit1,null
52963,4,Collection[1],tourelle2,2,0.3490658,-0.2617994,0.3490658,null,null,null
52964,4,Collection[1],tourelle3,3,0.3490658,-0.2617994,0.3490658,null,null,null
52970,2,Collection[1],tourelle2,2,0.3490658,-0.2617994,0.3490658,null,null,null
52971,2,Collection[1],tourelle3,3,0.3490658,-0.2617994,0.3490658,null,null,null
52988,1,Collection[1],tourelle1,1,0.2792527,-0.3490658,0.1745329,TargetPositionTurret1,FlyingTimeAndHit1,null
52995,2,Collection[1],tourelle1,1,0.3490658,-0.2617994,0.3490658,null,null,null
53007,6,Collection[1],tourelle1,1,1.570796,-0.5235988,0.3490658,null,null,null
53011,6,Collection[1],tourelle1,1,1.570796,-0.5235988,0.3490658,null,null,null
53015,2,Collection[1],tourelle1,1,0.3490658,-0.5235988,0.3490658,TargetPositionTurret1,FlyingTimeAndHit1,null
53016,2,Collection[1],tourelle2,2,0.3490658,-0.2617994,0.3490658,null,null,null
53028,1,Collection[1],tourelle1,1,0.2792527,-0.3490658,0.1745329,TargetPositionTurret1,FlyingTimeAndHit1,null
53074,2,Collection[2],tourelle1,1,0.2792527,-0.3490658,0.1745329,TargetPositionTurret1,FlyingTimeAndHit1,null
53078,4,Collection[1],tourelle1,1,1.570796,-0.5235988,0.3490658,null,null,null
53086,2,Collection[1],tourelle1,1,0.3490658,-0.2617994,0.3490658,null,null,null
53090,6,Collection[1],tourelle1,1,1.570796,-0.5235988,0.3490658,null,null,null
53097,4,Collection[1],tourelle1,1,1.570796,-0.5235988,0.3490658,null,null,null
53105,2,Collection[1],tourelle1,1,0.2792527,-0.3490658,0.1745329,TargetPositionTurret1,FlyingTimeAndHit1,null
53106,2,Collection[1],tourelle2,2,0.3490658,-0.2617994,0.3490658,null,null,null
53114,2,Collection[1],tourelle3,3,1.570796,-0.5235988,1.047198,null,null,null
53115,2,Collection[1],tourelle2,2,1.570796,-0.5235988,0.3490658,null,null,null
53120,2,Collection[1],tourelle3,3,1.570796,-0.5235988,1.047198,null,null,null
53121,2,Collection[1],tourelle2,2,1.570796,-0.5235988,0.3490658,null,null,null
53126,2,Collection[1],tourelle1,1,0.2792527,-0.3490658,0.1745329,TargetPositionTurret1,FlyingTimeAndHit1,null
53130,4,Collection[1],tourelle1,1,0.3490658,-0.2617994,0.3490658,null,null,null
53134,4,Collection[1],tourelle2,2,0.3490658,-0.2617994,0.3490658,null,null,null
53140,4,Collection[1],tourelle2,2,0.3490658,-0.2617994,0.3490658,null,null,null
53166,4,Collection[1],tourelle1,1,0.3490658,-0.2617994,0.3490658,null,null,null
53172,4,Collection[1],tourelle2,2,0.3490658,-0.2617994,0.3490658,null,null,null
53173,4,Collection[1],tourelle3,3,1.570796,-0.5235988,0.3490658,null,null,null
53185,4,Collection[1],tourelle2,2,1.570796,-0.5235988,0.3490658,null,null,null
53192,4,Collection[1],tourelle2,2,0.3490658,-0.2617994,0.3490658,null,null,null
53197,1,Collection[2],tourelle1,1,0.2792527,-0.3490658,0.1745329,TargetPositionTurret1,FlyingTimeAndHit1,null
53198,2,Collection[1],tourelle2,2,1.570796,-0.5235988,0.3490658,null,null,null
53199,8,Collection[1],tourelle3,3,1.570796,-0.5235988,1.047198,null,null,null
53204,1,Collection[2],tourelle1,1,0.2792527,-0.3490658,0.1745329,TargetPositionTurret1,FlyingTimeAndHit1,null
53205,2,Collection[1],tourelle2,2,1.570796,-0.5235988,0.3490658,null,null,null
53206,8,Collection[1],tourelle3,3,1.570796,-0.5235988,1.047198,null,null,null
53211,4,Collection[1],tourelle1,1,1.570796,-0.5235988,0.3490658,null,null,null
53216,4,Collection[1],tourelle1,1,1.570796,-0.5235988,0.3490658,null,null,null
53221,2,Collection[1],tourelle2,2,1.570796,-0.5235988,0.3490658,null,null,null
53222,8,Collection[1],tourelle3,3,1.570796,-0.5235988,1.047198,null,null,null
53231,8,Collection[1],tourelle1,1,1.570796,-0.5235988,0.3490658,null,null,null
53235,2,Collection[1],tourelle2,2,0.3490658,-0.2617994,0.3490658,null,null,null
53239,2,Collection[2],tourelle1,1,0.2792527,-0.3490658,0.1745329,TargetPositionTurret1,FlyingTimeAndHit1,null
53243,8,Collection[1],tourelle1,1,1.570796,-0.5235988,0.3490658,null,null,null
53251,2,Collection[1],tourelle2,2,1.570796,-0.5235988,0.3490658,null,null,null
53259,4,Collection[1],tourelle1,1,1.570796,-0.5235988,0.3490658,null,null,null
53263,1,Collection[1],tourelle1,1,0.2792527,-0.3490658,0.1745329,TargetPositionTurret1,FlyingTimeAndHit1,null
53270,2,Collection[1],tourelle1,1,0.3490658,-0.2617994,0.3490658,null,null,null
53275,2,Collection[1],tourelle1,1,0.3490658,-0.2617994,0.3490658,null,null,null
53280,4,Collection[1],tourelle1,1,1.570796,-0.5235988,0.3490658,null,null,null
53285,4,Collection[1],tourelle1,1,1.570796,-0.5235988,0.3490658,null,null,null
53290,2,Collection[2],tourelle1,1,0.2792527,-0.3490658,0.1745329,TargetPositionTurret1,FlyingTimeAndHit1,null
53291,8,Collection[1],tourelle2,2,0.2792527,-0.3490658,0.1745329,TargetPositionTurret2,FlyingTimeAndHit2,null
53292,2,Collection[1],tourelle3,3,1.570796,-0.5235988,1.047198,null,null,null
53301,4,Collection[1],tourelle2,2,0.3490658,-0.2617994,0.3490658,null,null,null
53302,4,Collection[1],tourelle3,3,1.570796,-0.5235988,0.3490658,null,null,null
53307,2,Collection[1],tourelle2,2,0.3490658,-0.2617994,0.3490658,null,null,null
53308,8,Collection[1],tourelle3,3,1.570796,-0.5235988,1.047198,null,null,null
53316,2,Collection[1],tourelle2,2,0.3490658,-0.2617994,0.3490658,null,null,null
53317,8,Collection[1],tourelle3,3,1.570796,-0.5235988,0.3490658,null,null,null
53334,1,Collection[2],tourelle3,3,0.2792527,-0.3490658,0.1745329,TargetPositionTurret3,FlyingTimeAndHit3,null
53335,2,Collection[1],tourelle2,2,0.3490658,-0.2617994,0.3490658,null,null,null
53339,1,Collection[2],tourelle3,3,0.2792527,-0.3490658,0.1745329,TargetPositionTurret3,FlyingTimeAndHit3,null
53340,4,Collection[1],tourelle1,1,1.570796,-0.5235988,0.3490658,null,null,null
53341,4,Collection[1],tourelle2,2,1.570796,-0.5235988,1.047198,null,null,null
53346,1,Collection[2],tourelle3,3,0.2792527,-0.3490658,0.1745329,TargetPositionTurret3,FlyingTimeAndHit3,null
53347,4,Collection[1],tourelle1,1,1.570796,-0.5235988,0.3490658,null,null,null
53351,1,Collection[2],tourelle3,3,0.2792527,-0.3490658,0.1745329,TargetPositionTurret3,FlyingTimeAndHit3,null
53352,4,Collection[1],tourelle2,2,1.570796,-0.5235988,1.047198,null,null,null
53357,1,Collection[2],tourelle3,3,0.2792527,-0.3490658,0.1745329,TargetPositionTurret3,FlyingTimeAndHit3,null
53358,4,Collection[1],tourelle1,1,0.2792527,-0.3490658,0.1745329,TargetPositionTurret1,FlyingTimeAndHit1,null
53369,4,Collection[1],tourelle1,1,0.3490658,-0.2617994,0.3490658,null,null,null
53374,4,Collection[1],tourelle1,1,0.3490658,-0.2617994,0.3490658,null,null,null
53379,4,Collection[1],tourelle1,1,0.3490658,-0.2617994,0.3490658,null,null,null
53384,4,Collection[1],tourelle2,2,0.3490658,-0.2617994,0.3490658,null,null,null
53385,4,Collection[1],tourelle3,3,1.570796,-0.5235988,0.3490658,null,null,null
53391,4,Collection[1],tourelle2,2,0.3490658,-0.2617994,0.3490658,null,null,null
53392,4,Collection[1],tourelle3,3,1.570796,-0.5235988,0.3490658,null,null,null
53398,4,Collection[1],tourelle2,2,0.3490658,-0.2617994,0.3490658,null,null,null
53399,4,Collection[1],tourelle3,3,1.570796,-0.5235988,0.3490658,null,null,null
53405,4,Collection[1],tourelle2,2,0.3490658,-0.2617994,0.3490658,null,null,null
53406,4,Collection[1],tourelle3,3,1.570796,-0.5235988,0.3490658,null,null,null
53411,1,Collection[2],tourelle1,1,0.2792527,-0.3490658,0.1745329,TargetPositionTurret1,FlyingTimeAndHit1,null
53412,4,Collection[1],tourelle2,2,0.3490658,-0.2617994,0.3490658,null,null,null
53413,4,Collection[1],tourelle3,3,1.570796,-0.5235988,0.3490658,null,null,null
53418,4,Collection[1],tourelle2,2,0.3490658,-0.2617994,0.3490658,null,null,null
53419,4,Collection[1],tourelle3,3,1.570796,-0.5235988,0.3490658,null,null,null
53424,2,Collection[1],tourelle2,2,0.3490658,-0.2617994,0.3490658,null,null,null
53425,8,Collection[1],tourelle3,3,1.570796,-0.5235988,0.3490658,null,null,null
53431,4,Collection[1],tourelle2,2,0.3490658,-0.2617994,0.3490658,null,null,null
53432,4,Collection[1],tourelle3,3,1.570796,-0.5235988,0.3490658,null,null,null
53438,4,Collection[1],tourelle2,2,0.3490658,-0.2617994,0.3490658,null,null,null
53444,4,Collection[1],tourelle2,2,0.3490658,-0.2617994,0.3490658,null,null,null
53445,4,Collection[1],tourelle3,3,1.570796,-0.5235988,0.3490658,null,null,null
53451,4,Collection[1],tourelle2,2,0.3490658,-0.2617994,0.3490658,null,null,null
53452,4,Collection[1],tourelle3,3,1.570796,-0.5235988,0.3490658,null,null,null
53458,2,Collection[1],tourelle2,2,0.3490658,-0.2617994,0.3490658,null,null,null
53459,8,Collection[1],tourelle3,3,1.570796,-0.5235988,0.3490658,null,null,null
53463,1,Collection[2],tourelle1,1,0.2792527,-0.3490658,0.1745329,TargetPositionTurret1,FlyingTimeAndHit1,null
53464,4,Collection[1],tourelle2,2,1.570796,-0.5235988,1.047198,null,null,null
53465,4,Collection[1],tourelle3,3,1.570796,-0.5235988,0.3490658,null,null,null
53471,4,Collection[1],tourelle2,2,0.3490658,-0.2617994,0.3490658,null,null,null
53477,4,Collection[1],tourelle2,2,0.3490658,-0.2617994,0.3490658,null,null,null
53483,4,Collection[1],tourelle2,2,0.3490658,-0.2617994,0.3490658,null,null,null
53484,4,Collection[1],tourelle3,3,1.570796,-0.5235988,0.3490658,null,null,null
53516,4,Collection[1],tourelle2,2,0.3490658,-0.2617994,0.3490658,null,null,null
53536,4,Collection[1],tourelle1,1,0.3490658,-0.2617994,0.3490658,null,null,null
53541,4,Collection[1],tourelle2,2,0.3490658,-0.2617994,0.3490658,null,null,null
53546,4,Collection[1],tourelle2,2,0.3490658,-0.2617994,0.3490658,null,null,null
53551,4,Collection[1],tourelle1,1,0.3490658,-0.2617994,0.3490658,null,null,null
53556,4,Collection[1],tourelle1,1,0.3490658,-0.2617994,0.3490658,null,null,null
53560,4,Collection[2],tourelle1,1,0.2792527,-0.3490658,0.1745329,TargetPositionTurret1,FlyingTimeAndHit1,null
53561,2,Collection[1],tourelle2,2,0.3490658,-0.2617994,0.3490658,null,null,null
53568,4,Collection[1],tourelle1,1,0.3490658,-0.2617994,0.3490658,null,null,null
53573,4,Collection[1],tourelle2,2,0.3490658,-0.2617994,0.3490658,null,null,null
53574,1,Collection[1],tourelle3,3,1.570796,-0.5235988,0.3490658,null,null,null
53579,4,Collection[1],tourelle1,1,0.3490658,-0.2617994,0.3490658,null,null,null
53586,4,Collection[1],tourelle2,2,1.570796,-0.5235988,0.3490658,null,null,null
53594,2,Collection[2],tourelle1,1,0.2792527,-0.3490658,0.1745329,TargetPositionTurret1,FlyingTimeAndHit1,null
53607,1,Collection[1],tourelle1,1,1.570796,-0.5235988,1.047198,null,null,null
53612,1,Collection[1],tourelle1,1,0.2792527,-0.3490658,0.1745329,TargetPositionTurret1,FlyingTimeAndHit1,null
53616,1,Collection[1],tourelle1,1,0.2792527,-0.3490658,0.1745329,TargetPositionTurret1,FlyingTimeAndHit1,null
53617,1,Collection[1],tourelle3,3,0.3490658,-0.2617994,0.3490658,null,null,null
53624,1,Collection[1],tourelle1,1,1.570796,-0.5235988,0.3490658,null,null,null
53628,1,Collection[1],tourelle1,1,1.570796,-0.5235988,1.047198,null,null,null
53632,2,Collection[1],tourelle1,1,0.3490658,-0.2617994,0.3490658,null,null,null
53637,4,Collection[1],tourelle1,1,1.570796,-0.5235988,0.3490658,null,null,null
53645,8,Collection[1],tourelle2,2,1.570796,-0.5235988,0.3490658,null,null,null
53654,6,Collection[1],tourelle1,1,1.570796,-0.5235988,0.3490658,null,null,null
53665,1,Collection[1],tourelle1,1,1.570796,-0.5235988,1.047198,null,null,null
53666,2,Collection[1],tourelle2,2,0.2792527,-0.1396263,0.1396263,null,null,null
53667,8,Collection[1],tourelle3,3,1.570796,-0.5235988,0.3490658,null,null,null
53673,8,Collection[1],tourelle2,2,0.3490658,-0.2617994,0.3490658,null,null,null
53674,2,Collection[1],tourelle3,3,1.570796,-0.5235988,0.3490658,null,null,null
53690,1,Collection[2],tourelle1,1,0.2792527,-0.3490658,0.1745329,TargetPositionTurret1,FlyingTimeAndHit1,null
53694,2,Collection[1],tourelle3,3,1.570796,-0.5235988,0.3490658,null,null,null
53717,2,Collection[1],tourelle3,3,1.570796,-0.5235988,1.047198,null,null,null
53722,2,Collection[1],tourelle3,3,1.570796,-0.5235988,0.3490658,null,null,null
53727,4,Collection[1],tourelle1,1,1.570796,-0.5235988,0.3490658,null,null,null
53732,4,Collection[1],tourelle1,1,1.570796,-0.5235988,0.3490658,null,null,null
53747,1,Collection[1],tourelle1,1,1.570796,-0.5235988,0.3490658,null,null,null
53752,1,Collection[2],tourelle1,1,0.2792527,-0.3490658,0.1745329,TargetPositionTurret1,FlyingTimeAndHit1,null
53753,4,Collection[1],tourelle2,2,0.3490658,-0.2617994,0.3490658,null,null,null
53754,4,Collection[1],tourelle3,3,1.570796,-0.5235988,0.3490658,null,null,null
53760,2,Collection[1],tourelle2,2,0.3490658,-0.2617994,0.3490658,null,null,null
53761,8,Collection[1],tourelle3,3,1.570796,-0.5235988,0.3490658,null,null,null
53767,2,Collection[1],tourelle2,2,0.2792527,-0.1396263,0.1396263,null,null,null
53768,8,Collection[1],tourelle3,3,1.570796,-0.5235988,1.047198,null,null,null
53774,2,Collection[1],tourelle2,2,0.3490658,-0.2617994,0.3490658,null,null,null
53775,4,Collection[1],tourelle3,3,0.3490658,-0.2617994,0.3490658,null,null,null
53780,2,Collection[1],tourelle2,2,0.3490658,-0.2617994,0.3490658,null,null,null
53781,2,Collection[1],tourelle3,3,1.570796,-0.5235988,1.047198,null,null,null
53803,2,Collection[1],tourelle1,1,0.3490658,-0.2617994,0.3490658,null,null,null
53808,2,Collection[1],tourelle1,1,0.3490658,-0.2617994,0.3490658,null,null,null
53828,2,Collection[1],tourelle1,1,0.3490658,-0.2617994,0.3490658,TargetPositionTurret1,FlyingTimeAndHit1,null
53829,2,Collection[1],tourelle2,2,0.3490658,-0.2617994,0.3490658,null,null,null
53838,2,Collection[1],tourelle1,1,0.2792527,-0.3490658,0.1745329,TargetPositionTurret1,FlyingTimeAndHit1,null
53842,8,Collection[1],tourelle1,1,1.570796,-0.5235988,0.3490658,null,null,null
53847,2,Collection[1],tourelle2,2,0.3490658,-0.2617994,0.3490658,null,null,null
53856,1,Collection[2],tourelle1,1,0.08726646,-0.3490658,0.1745329,TargetPositionTurret1,FlyingTimeAndHit1,null
53860,2,Collection[1],tourelle2,2,0.3490658,-0.2617994,0.3490658,null,null,null
53861,8,Collection[1],tourelle3,3,1.570796,-0.5235988,0.3490658,null,null,null
53866,1,Collection[2],tourelle1,1,0.08726646,-0.3490658,0.1745329,TargetPositionTurret1,FlyingTimeAndHit1,null
53867,2,Collection[1],tourelle2,2,0.3490658,-0.2617994,0.3490658,null,null,null
53868,8,Collection[1],tourelle3,3,1.570796,-0.5235988,1.047198,null,null,null
53873,2,Collection[1],tourelle1,1,1.570796,-0.5235988,0.3490658,null,null,null
53877,8,Collection[1],tourelle1,1,1.570796,-0.5235988,1.047198,null,null,null
53885,1,Collection[1],tourelle1,1,1.570796,-0.5235988,0.3490658,null,null,null
53890,4,Collection[1],tourelle2,2,0.3490658,-0.2617994,0.3490658,null,null,null
53899,1,Collection[1],tourelle1,1,1.570796,-0.5235988,0.3490658,null,null,null
53904,2,Collection[2],tourelle1,1,0.2792527,-0.3490658,0.1745329,TargetPositionTurret1,FlyingTimeAndHit1,null
53911,4,Collection[1],tourelle1,1,0.3490658,-0.2617994,0.3490658,null,null,null
53916,4,Collection[1],tourelle2,2,0.3490658,-0.2617994,0.3490658,null,null,null
53917,4,Collection[1],tourelle3,3,1.570796,-0.5235988,0.3490658,null,null,null
53922,4,Collection[1],tourelle1,1,0.3490658,-0.2617994,0.3490658,null,null,null
53942,1,Collection[2],tourelle1,1,0.2792527,-0.08726646,0.1396263,TargetPositionTurret1,FlyingTimeAndHit1,True
53943,2,Collection[1],tourelle2,2,1.396263,-0.5235988,0.5235988,null,null,True
53956,2,Collection[1],tourelle3,3,1.396263,-0.5235988,0.5235988,null,null,True
53964,1,Collection[1],tourelle1,1,0.2792527,-0.08726646,0.1396263,TargetPositionTurret1,FlyingTimeAndHit1,True
53965,2,Collection[1],tourelle2,2,1.396263,-0.5235988,0.5235988,null,null,True
53971,1,Collection[1],tourelle1,1,0.2792527,-0.08726646,0.1396263,TargetPositionTurret1,FlyingTimeAndHit1,True
53972,2,Collection[1],tourelle2,2,1.396263,-0.5235988,0.5235988,null,null,True
53978,1,Collection[1],tourelle1,1,0.2792527,-0.08726646,0.1396263,TargetPositionTurret1,FlyingTimeAndHit1,True
53979,2,Collection[1],tourelle2,2,0.2792527,-0.1396263,0.1396263,null,null,True
53986,1,Collection[1],tourelle1,1,0.2792527,-0.08726646,0.1396263,TargetPositionTurret1,FlyingTimeAndHit1,True
53987,2,Collection[1],tourelle2,2,1.396263,-0.5235988,0.5235988,null,null,True
53993,1,Collection[1],tourelle1,1,0.2792527,-0.08726646,0.1396263,TargetPositionTurret1,FlyingTimeAndHit1,True
54000,1,Collection[1],tourelle1,1,0.2792527,-0.08726646,0.1396263,TargetPositionTurret1,FlyingTimeAndHit1,True
54002,2,Collection[1],tourelle3,3,1.396263,-0.5235988,0.5235988,null,null,True
54008,1,Collection[1],tourelle1,1,0.2792527,-0.08726646,0.1396263,TargetPositionTurret1,FlyingTimeAndHit1,True
54009,2,Collection[1],tourelle2,2,1.396263,-0.5235988,0.5235988,null,null,True
54010,2,Collection[1],tourelle3,3,1.396263,-0.5235988,0.5235988,null,null,True
54016,2,Collection[1],tourelle2,2,1.396263,-0.5235988,0.5235988,null,null,True
54028,1,Collection[1],tourelle1,1,0.2792527,-0.08726646,0.1396263,TargetPositionTurret1,FlyingTimeAndHit1,True
54035,1,Collection[1],tourelle1,1,0.2792527,-0.08726646,0.1396263,TargetPositionTurret1,FlyingTimeAndHit1,True
54036,2,Collection[1],tourelle2,2,1.396263,-0.5235988,0.5235988,null,null,True
54037,2,Collection[1],tourelle3,3,1.396263,-0.5235988,0.5235988,null,null,True
54044,1,Collection[1],tourelle1,1,0.2792527,-0.08726646,0.1396263,TargetPositionTurret1,FlyingTimeAndHit1,True
54045,2,Collection[1],tourelle2,2,0.2792527,-0.1396263,0.1396263,null,null,True
54046,2,Collection[1],tourelle3,3,1.396263,-0.5235988,0.5235988,null,null,True
54052,1,Collection[1],tourelle1,1,0.2792527,-0.08726646,0.1396263,TargetPositionTurret1,FlyingTimeAndHit1,True
54054,2,Collection[1],tourelle3,3,1.396263,-0.5235988,0.5235988,null,null,True
54060,1,Collection[1],tourelle1,1,0.2792527,-0.08726646,0.1396263,TargetPositionTurret1,FlyingTimeAndHit1,True
54075,1,Collection[1],tourelle1,1,0.2792527,-0.08726646,0.1396263,TargetPositionTurret1,FlyingTimeAndHit1,True
54076,2,Collection[1],tourelle3,3,0.2792527,-0.08726646,0.1396263,null,null,True
54082,1,Collection[1],tourelle1,1,0.2792527,-0.08726646,0.1396263,TargetPositionTurret1,FlyingTimeAndHit1,True
54089,2,Collection[1],tourelle2,2,1.396263,-0.5235988,0.5235988,null,null,True
54095,1,Collection[1],tourelle1,1,0.2792527,-0.08726646,0.1396263,TargetPositionTurret1,FlyingTimeAndHit1,True
54096,2,Collection[1],tourelle2,2,1.396263,-0.5235988,0.5235988,null,null,True
54097,2,Collection[1],tourelle3,3,1.396263,-0.5235988,0.5235988,null,null,True
54104,1,Collection[1],tourelle1,1,0.2792527,-0.08726646,0.1396263,TargetPositionTurret1,FlyingTimeAndHit1,True
54105,2,Collection[1],tourelle2,2,1.396263,-0.5235988,0.5235988,null,null,True
54106,2,Collection[1],tourelle3,3,1.396263,-0.5235988,0.5235988,null,null,True
54112,1,Collection[1],tourelle1,1,0.2792527,-0.08726646,0.1396263,TargetPositionTurret1,FlyingTimeAndHit1,True
54114,2,Collection[1],tourelle3,3,1.396263,-0.5235988,0.5235988,null,null,True
54120,2,Collection[1],tourelle2,2,1.396263,-0.5235988,0.5235988,null,null,True
54126,1,Collection[1],tourelle1,1,0.2792527,-0.08726646,0.1396263,TargetPositionTurret1,FlyingTimeAndHit1,True
54127,2,Collection[1],tourelle3,3,1.396263,-0.5235988,0.5235988,null,null,True
54133,1,Collection[1],tourelle1,1,0.2792527,-0.08726646,0.1396263,TargetPositionTurret1,FlyingTimeAndHit1,True
54140,1,Collection[1],tourelle1,1,0.2792527,-0.08726646,0.1396263,TargetPositionTurret1,FlyingTimeAndHit1,True
54141,2,Collection[1],tourelle2,2,0.2792527,-0.1396263,0.1396263,null,null,True
54147,2,Collection[1],tourelle2,2,1.396263,-0.5235988,0.5235988,null,null,True
54153,1,Collection[1],tourelle1,1,0.2792527,-0.08726646,0.1396263,TargetPositionTurret1,FlyingTimeAndHit1,True
54160,1,Collection[1],tourelle1,1,0.2792527,-0.08726646,0.1396263,TargetPositionTurret1,FlyingTimeAndHit1,True
54161,2,Collection[1],tourelle2,2,0.2792527,-0.1396263,0.1396263,null,null,True
54162,2,Collection[1],tourelle3,3,1.396263,-0.5235988,0.5235988,null,null,True
54168,1,Collection[1],tourelle1,1,0.2792527,-0.08726646,0.1396263,TargetPositionTurret1,FlyingTimeAndHit1,True
54175,1,Collection[1],tourelle1,1,0.2792527,-0.08726646,0.1396263,TargetPositionTurret1,FlyingTimeAndHit1,True
54176,2,Collection[1],tourelle2,2,1.396263,-0.5235988,0.5235988,null,null,True
54177,2,Collection[1],tourelle3,3,1.396263,-0.5235988,0.5235988,null,null,True
54183,1,Collection[1],tourelle1,1,0.2792527,-0.08726646,0.1396263,TargetPositionTurret1,FlyingTimeAndHit1,True
54184,2,Collection[1],tourelle2,2,1.396263,-0.5235988,0.5235988,null,null,True
54185,2,Collection[1],tourelle3,3,1.396263,-0.5235988,0.5235988,null,null,True
54191,1,Collection[1],tourelle1,1,0.2792527,-0.08726646,0.1396263,TargetPositionTurret1,FlyingTimeAndHit1,True
54192,2,Collection[1],tourelle2,2,1.396263,-0.5235988,0.5235988,null,null,True
54193,2,Collection[1],tourelle3,3,1.396263,-0.5235988,0.5235988,null,null,True
54199,1,Collection[1],tourelle1,1,0.2792527,-0.08726646,0.1396263,TargetPositionTurret1,FlyingTimeAndHit1,True
54200,2,Collection[1],tourelle2,2,1.396263,-0.5235988,0.5235988,null,null,True
54201,2,Collection[1],tourelle3,3,1.396263,-0.5235988,0.5235988,null,null,True
54207,1,Collection[1],tourelle1,1,0.2792527,-0.08726646,0.1396263,TargetPositionTurret1,FlyingTimeAndHit1,True
54209,2,Collection[1],tourelle3,3,1.396263,-0.5235988,0.5235988,null,null,True
54215,1,Collection[1],tourelle1,1,0.2792527,-0.08726646,0.1396263,TargetPositionTurret1,FlyingTimeAndHit1,True
54216,2,Collection[1],tourelle3,3,1.396263,-0.5235988,0.5235988,null,null,True
54222,2,Collection[1],tourelle2,2,1.396263,-0.5235988,0.5235988,null,null,True
54228,2,Collection[1],tourelle2,2,1.396263,-0.5235988,0.5235988,null,null,True
54234,2,Collection[1],tourelle2,2,1.396263,-0.5235988,0.5235988,null,null,True
54240,1,Collection[1],tourelle1,1,0.2792527,-0.08726646,0.1396263,TargetPositionTurret1,FlyingTimeAndHit1,True
54247,1,Collection[1],tourelle1,1,0.2792527,-0.08726646,0.1396263,TargetPositionTurret1,FlyingTimeAndHit1,True
54248,2,Collection[1],tourelle2,2,1.396263,-0.5235988,0.5235988,null,null,True
54249,2,Collection[1],tourelle3,3,1.396263,-0.5235988,0.5235988,null,null,True
54255,1,Collection[1],tourelle1,1,0.2792527,-0.08726646,0.1396263,TargetPositionTurret1,FlyingTimeAndHit1,True
54256,2,Collection[1],tourelle2,2,0.2792527,-0.1396263,0.1396263,null,null,True
54262,1,Collection[1],tourelle1,1,0.2792527,-0.08726646,0.1396263,TargetPositionTurret1,FlyingTimeAndHit1,True
54263,2,Collection[1],tourelle3,3,1.396263,-0.5235988,0.5235988,null,null,True
54269,1,Collection[1],tourelle1,1,0.2792527,-0.08726646,0.1396263,TargetPositionTurret1,FlyingTimeAndHit1,True
54271,2,Collection[1],tourelle3,3,1.396263,-0.5235988,0.5235988,null,null,True
54277,1,Collection[1],tourelle1,1,0.2792527,-0.08726646,0.1396263,TargetPositionTurret1,FlyingTimeAndHit1,True
54278,2,Collection[1],tourelle2,2,1.396263,-0.5235988,0.5235988,null,null,True
54284,1,Collection[1],tourelle1,1,0.2792527,-0.08726646,0.1396263,TargetPositionTurret1,FlyingTimeAndHit1,True
54285,2,Collection[1],tourelle3,3,1.396263,-0.5235988,0.5235988,null,null,True
54303,2,Collection[1],tourelle2,2,1.396263,-0.5235988,0.5235988,null,null,True
54315,2,Collection[1],tourelle2,2,1.396263,-0.5235988,0.5235988,null,null,True
54320,1,Collection[1],tourelle1,1,0.2792527,-0.08726646,0.1396263,TargetPositionTurret1,FlyingTimeAndHit1,True
54321,2,Collection[1],tourelle2,2,1.396263,-0.5235988,0.5235988,null,null,True
54322,2,Collection[1],tourelle3,3,0.1745329,-0.1745329,0.1745329,null,null,True
54329,1,Collection[1],tourelle1,1,0.2792527,-0.08726646,0.1396263,TargetPositionTurret1,FlyingTimeAndHit1,True
54330,2,Collection[1],tourelle2,2,1.396263,-0.5235988,0.5235988,null,null,True
54331,2,Collection[1],tourelle3,3,0.1745329,-0.1745329,0.1745329,null,null,True
54337,1,Collection[1],tourelle1,1,0.2792527,-0.08726646,0.1396263,TargetPositionTurret1,FlyingTimeAndHit1,True
54338,2,Collection[1],tourelle2,2,1.396263,-0.5235988,0.5235988,null,null,True
54339,2,Collection[1],tourelle3,3,1.396263,-0.5235988,0.5235988,null,null,True
54345,1,Collection[1],tourelle1,1,0.2792527,-0.08726646,0.1396263,TargetPositionTurret1,FlyingTimeAndHit1,True
54346,2,Collection[1],tourelle2,2,1.396263,-0.5235988,0.5235988,null,null,True
54347,2,Collection[1],tourelle3,3,1.396263,-0.5235988,0.5235988,null,null,True
54353,1,Collection[1],tourelle1,1,0.2792527,-0.08726646,0.1396263,TargetPositionTurret1,FlyingTimeAndHit1,True
54354,2,Collection[1],tourelle2,2,1.396263,-0.5235988,0.5235988,null,null,True
54355,2,Collection[1],tourelle3,3,1.396263,-0.5235988,0.5235988,null,null,True
54361,1,Collection[1],tourelle1,1,0.2792527,-0.08726646,0.1396263,TargetPositionTurret1,FlyingTimeAndHit1,True
54363,2,Collection[1],tourelle3,3,1.396263,-0.5235988,0.5235988,null,null,True
54369,1,Collection[1],tourelle1,1,0.2792527,-0.08726646,0.1396263,TargetPositionTurret1,FlyingTimeAndHit1,True
54370,2,Collection[1],tourelle2,2,1.396263,-0.5235988,0.5235988,null,null,True
54371,2,Collection[1],tourelle3,3,1.396263,-0.5235988,0.5235988,null,null,True
54377,1,Collection[1],tourelle1,1,0.2792527,-0.08726646,0.1396263,TargetPositionTurret1,FlyingTimeAndHit1,True
54378,2,Collection[1],tourelle2,2,1.396263,-0.5235988,0.5235988,null,null,True
54379,2,Collection[1],tourelle3,3,1.396263,-0.5235988,0.5235988,null,null,True
54385,1,Collection[1],tourelle1,1,0.2792527,-0.08726646,0.1396263,TargetPositionTurret1,FlyingTimeAndHit1,True
54386,2,Collection[1],tourelle2,2,1.396263,-0.5235988,0.5235988,null,null,True
54387,2,Collection[1],tourelle3,3,1.396263,-0.5235988,0.5235988,null,null,True
54393,1,Collection[1],tourelle1,1,0.2792527,-0.08726646,0.1396263,TargetPositionTurret1,FlyingTimeAndHit1,True
54395,2,Collection[1],tourelle3,3,1.396263,-0.5235988,0.5235988,null,null,True
54401,1,Collection[1],tourelle1,1,0.2792527,-0.08726646,0.1396263,TargetPositionTurret1,FlyingTimeAndHit1,True
54402,2,Collection[1],tourelle2,2,1.396263,-0.5235988,0.5235988,null,null,True
54403,2,Collection[1],tourelle3,3,1.396263,-0.5235988,0.5235988,null,null,True
54409,1,Collection[1],tourelle1,1,0.2792527,-0.08726646,0.1396263,TargetPositionTurret1,FlyingTimeAndHit1,True
54411,2,Collection[1],tourelle3,3,1.396263,-0.5235988,0.5235988,null,null,True
54417,1,Collection[1],tourelle1,1,0.2792527,-0.08726646,0.1396263,TargetPositionTurret1,FlyingTimeAndHit1,True
54418,2,Collection[1],tourelle2,2,1.396263,-0.5235988,0.5235988,null,null,True
54419,2,Collection[1],tourelle3,3,1.396263,-0.5235988,0.5235988,null,null,True
54425,1,Collection[1],tourelle1,1,0.2792527,-0.08726646,0.1396263,TargetPositionTurret1,FlyingTimeAndHit1,True
54426,2,Collection[1],tourelle2,2,1.396263,-0.5235988,0.5235988,null,null,True
54432,1,Collection[1],tourelle1,1,0.2792527,-0.08726646,0.1396263,TargetPositionTurret1,FlyingTimeAndHit1,True
54434,2,Collection[1],tourelle3,3,1.396263,-0.5235988,0.5235988,null,null,True
54440,1,Collection[1],tourelle1,1,0.2792527,-0.08726646,0.1396263,TargetPositionTurret1,FlyingTimeAndHit1,True
54441,2,Collection[1],tourelle2,2,1.396263,-0.5235988,0.5235988,null,null,True
54442,2,Collection[1],tourelle3,3,1.396263,-0.5235988,0.5235988,null,null,True
54448,1,Collection[1],tourelle1,1,0.2792527,-0.08726646,0.1396263,TargetPositionTurret1,FlyingTimeAndHit1,True
54449,2,Collection[1],tourelle2,2,1.396263,-0.5235988,0.5235988,null,null,True
54450,2,Collection[1],tourelle3,3,1.396263,-0.5235988,0.5235988,null,null,True
54456,1,Collection[1],tourelle1,1,0.2792527,-0.08726646,0.1396263,TargetPositionTurret1,FlyingTimeAndHit1,True
54457,2,Collection[1],tourelle2,2,1.396263,-0.5235988,0.5235988,null,null,True
54458,2,Collection[1],tourelle3,3,1.396263,-0.5235988,0.5235988,null,null,True
54464,1,Collection[1],tourelle1,1,0.2792527,-0.08726646,0.1396263,TargetPositionTurret1,FlyingTimeAndHit1,True
54466,2,Collection[1],tourelle3,3,1.396263,-0.5235988,0.5235988,null,null,True
54472,1,Collection[1],tourelle1,1,0.2792527,-0.08726646,0.1396263,TargetPositionTurret1,FlyingTimeAndHit1,True
54473,2,Collection[1],tourelle2,2,1.396263,-0.5235988,0.5235988,null,null,True
54474,2,Collection[1],tourelle3,3,1.396263,-0.5235988,0.5235988,null,null,True
54480,1,Collection[1],tourelle1,1,0.2792527,-0.08726646,0.1396263,TargetPositionTurret1,FlyingTimeAndHit1,True
54481,2,Collection[1],tourelle2,2,1.396263,-0.5235988,0.5235988,null,null,True
54482,2,Collection[1],tourelle3,3,1.396263,-0.5235988,0.5235988,null,null,True
54488,1,Collection[1],tourelle1,1,0.2792527,-0.08726646,0.1396263,TargetPositionTurret1,FlyingTimeAndHit1,True
54489,2,Collection[1],tourelle2,2,1.396263,-0.5235988,0.5235988,null,null,True
54490,2,Collection[1],tourelle3,3,1.396263,-0.5235988,0.5235988,null,null,True
54496,1,Collection[1],tourelle1,1,0.2792527,-0.08726646,0.1396263,TargetPositionTurret1,FlyingTimeAndHit1,True
54497,2,Collection[1],tourelle2,2,1.396263,-0.5235988,0.5235988,null,null,True
54503,1,Collection[1],tourelle1,1,0.2792527,-0.08726646,0.1396263,TargetPositionTurret1,FlyingTimeAndHit1,True
54504,2,Collection[1],tourelle2,2,1.396263,-0.5235988,0.5235988,null,null,True
54510,1,Collection[1],tourelle1,1,0.2792527,-0.08726646,0.1396263,TargetPositionTurret1,FlyingTimeAndHit1,True
54512,2,Collection[1],tourelle3,3,1.396263,-0.5235988,0.5235988,null,null,True
54518,1,Collection[1],tourelle1,1,0.2792527,-0.08726646,0.1396263,TargetPositionTurret1,FlyingTimeAndHit1,True
54519,2,Collection[1],tourelle2,2,1.396263,-0.5235988,0.5235988,null,null,True
54520,2,Collection[1],tourelle3,3,1.396263,-0.5235988,0.5235988,null,null,True
54526,1,Collection[1],tourelle1,1,0.2792527,-0.08726646,0.1396263,TargetPositionTurret1,FlyingTimeAndHit1,True
54527,2,Collection[1],tourelle2,2,1.396263,-0.5235988,0.5235988,null,null,True
54528,2,Collection[1],tourelle3,3,1.396263,-0.5235988,0.5235988,null,null,True
54534,1,Collection[1],tourelle1,1,0.2792527,-0.08726646,0.1396263,TargetPositionTurret1,FlyingTimeAndHit1,True
54535,2,Collection[1],tourelle2,2,1.396263,-0.5235988,0.5235988,null,null,True
54536,2,Collection[1],tourelle3,3,1.396263,-0.5235988,0.5235988,null,null,True
54542,1,Collection[1],tourelle1,1,0.2792527,-0.08726646,0.1396263,TargetPositionTurret1,FlyingTimeAndHit1,True
54555,1,Collection[1],tourelle1,1,0.2792527,-0.08726646,0.1396263,TargetPositionTurret1,FlyingTimeAndHit1,True
54556,2,Collection[1],tourelle2,2,1.396263,-0.5235988,0.5235988,null,null,True
54557,2,Collection[1],tourelle3,3,1.396263,-0.5235988,0.5235988,null,null,True
54563,1,Collection[1],tourelle1,1,0.2792527,-0.08726646,0.1396263,TargetPositionTurret1,FlyingTimeAndHit1,True
54564,2,Collection[1],tourelle2,2,1.396263,-0.5235988,0.5235988,null,null,True
54571,1,Collection[1],tourelle1,1,0.2792527,-0.08726646,0.1396263,TargetPositionTurret1,FlyingTimeAndHit1,True
54572,2,Collection[1],tourelle2,2,1.396263,-0.5235988,0.5235988,null,null,True
54573,2,Collection[1],tourelle3,3,1.396263,-0.5235988,0.5235988,null,null,True
54579,1,Collection[1],tourelle1,1,0.2792527,-0.08726646,0.1396263,TargetPositionTurret1,FlyingTimeAndHit1,True
54580,2,Collection[1],tourelle2,2,1.396263,-0.5235988,0.5235988,null,null,True
54581,2,Collection[1],tourelle3,3,1.396263,-0.5235988,0.5235988,null,null,True
54587,1,Collection[1],tourelle1,1,0.2792527,-0.08726646,0.1396263,TargetPositionTurret1,FlyingTimeAndHit1,True
54588,2,Collection[1],tourelle2,2,1.396263,-0.5235988,0.5235988,null,null,True
54589,2,Collection[1],tourelle3,3,1.396263,-0.5235988,0.5235988,null,null,True
54595,1,Collection[1],tourelle1,1,0.2792527,-0.08726646,0.1396263,TargetPositionTurret1,FlyingTimeAndHit1,True
54596,2,Collection[1],tourelle2,2,1.396263,-0.5235988,0.5235988,null,null,True
54602,1,Collection[1],tourelle1,1,0.2792527,-0.08726646,0.1396263,TargetPositionTurret1,FlyingTimeAndHit1,True
54603,2,Collection[1],tourelle2,2,1.396263,-0.5235988,0.5235988,null,null,True
54604,2,Collection[1],tourelle3,3,1.396263,-0.5235988,0.5235988,null,null,True
54610,1,Collection[1],tourelle1,1,0.2792527,-0.08726646,0.1396263,TargetPositionTurret1,FlyingTimeAndHit1,True
54611,2,Collection[1],tourelle3,3,1.396263,-0.5235988,0.5235988,null,null,True
54617,1,Collection[1],tourelle1,1,0.2792527,-0.08726646,0.1396263,TargetPositionTurret1,FlyingTimeAndHit1,True
54618,2,Collection[1],tourelle2,2,1.396263,-0.5235988,0.5235988,null,null,True
54619,2,Collection[1],tourelle3,3,1.396263,-0.5235988,0.5235988,null,null,True
54625,2,Collection[1],tourelle2,2,1.396263,-0.5235988,0.5235988,null,null,True
54626,2,Collection[1],tourelle3,3,1.396263,-0.5235988,0.5235988,null,null,True
54633,2,Collection[1],tourelle3,3,1.396263,-0.5235988,0.5235988,null,null,True
54639,2,Collection[1],tourelle2,2,1.396263,-0.5235988,0.5235988,null,null,True
54640,2,Collection[1],tourelle3,3,1.396263,-0.5235988,0.5235988,null,null,True
54646,1,Collection[1],tourelle1,1,0.2792527,-0.08726646,0.1396263,TargetPositionTurret1,FlyingTimeAndHit1,True
54647,2,Collection[1],tourelle2,2,1.396263,-0.5235988,0.5235988,null,null,True
54648,2,Collection[1],tourelle3,3,1.396263,-0.5235988,0.5235988,null,null,True
54654,1,Collection[1],tourelle1,1,0.2792527,-0.08726646,0.1396263,TargetPositionTurret1,FlyingTimeAndHit1,True
54661,1,Collection[1],tourelle1,1,0.2792527,-0.08726646,0.1396263,TargetPositionTurret1,FlyingTimeAndHit1,True
54662,2,Collection[1],tourelle3,3,0.2792527,-0.08726646,0.1396263,TargetPositionTurret3,FlyingTimeAndHit3,True
54669,1,Collection[1],tourelle1,1,0.2792527,-0.08726646,0.1396263,TargetPositionTurret1,FlyingTimeAndHit1,True
54670,2,Collection[1],tourelle3,3,0.2792527,-0.08726646,0.1396263,null,null,True
54676,1,Collection[1],tourelle1,1,0.2792527,-0.08726646,0.1396263,TargetPositionTurret1,FlyingTimeAndHit1,True
54677,2,Collection[1],tourelle2,2,1.396263,-0.5235988,0.5235988,null,null,True
54683,1,Collection[1],tourelle1,1,0.2792527,-0.08726646,0.1396263,TargetPositionTurret1,FlyingTimeAndHit1,True
54684,2,Collection[1],tourelle2,2,0.2792527,-0.1396263,0.1396263,null,null,True
54690,1,Collection[1],tourelle1,1,0.2792527,-0.08726646,0.1396263,TargetPositionTurret1,FlyingTimeAndHit1,True
54697,1,Collection[1],tourelle1,1,0.2792527,-0.08726646,0.1396263,TargetPositionTurret1,FlyingTimeAndHit1,True
54698,2,Collection[1],tourelle2,2,0.2792527,-0.1396263,0.1396263,null,null,True
54704,1,Collection[1],tourelle1,1,0.2792527,-0.08726646,0.1396263,TargetPositionTurret1,FlyingTimeAndHit1,True
54706,2,Collection[1],tourelle3,3,1.396263,-0.5235988,0.5235988,null,null,True
54712,1,Collection[1],tourelle1,1,0.2792527,-0.08726646,0.1396263,TargetPositionTurret1,FlyingTimeAndHit1,True
54713,2,Collection[1],tourelle2,2,1.396263,-0.5235988,0.5235988,null,null,True
54714,2,Collection[1],tourelle3,3,1.396263,-0.5235988,0.5235988,null,null,True
54720,1,Collection[1],tourelle1,1,0.2792527,-0.08726646,0.1396263,TargetPositionTurret1,FlyingTimeAndHit1,True
54721,2,Collection[1],tourelle2,2,1.396263,-0.5235988,0.5235988,null,null,True
54722,2,Collection[1],tourelle3,3,1.396263,-0.5235988,0.5235988,null,null,True
54728,1,Collection[1],tourelle1,1,0.2792527,-0.08726646,0.1396263,TargetPositionTurret1,FlyingTimeAndHit1,True
54729,2,Collection[1],tourelle2,2,1.396263,-0.5235988,0.5235988,null,null,True
54730,2,Collection[1],tourelle3,3,1.396263,-0.5235988,0.5235988,null,null,True
54736,1,Collection[1],tourelle1,1,0.2792527,-0.08726646,0.1396263,TargetPositionTurret1,FlyingTimeAndHit1,True
54737,2,Collection[1],tourelle2,2,1.396263,-0.5235988,0.5235988,null,null,True
54738,2,Collection[1],tourelle3,3,1.396263,-0.5235988,0.5235988,null,null,True
54750,1,Collection[1],tourelle1,1,0.2792527,-0.08726646,0.1396263,TargetPositionTurret1,FlyingTimeAndHit1,True
54757,1,Collection[1],tourelle1,1,0.2792527,-0.08726646,0.1396263,TargetPositionTurret1,FlyingTimeAndHit1,True
54758,2,Collection[1],tourelle2,2,0.2792527,-0.1396263,0.1396263,null,null,True
54759,2,Collection[1],tourelle3,3,1.396263,-0.5235988,0.5235988,null,null,True
54765,1,Collection[1],tourelle1,1,0.2792527,-0.08726646,0.1396263,TargetPositionTurret1,FlyingTimeAndHit1,True
54767,2,Collection[1],tourelle3,3,1.396263,-0.5235988,0.5235988,null,null,True
54773,1,Collection[1],tourelle1,1,0.2792527,-0.08726646,0.1396263,TargetPositionTurret1,FlyingTimeAndHit1,True
54774,2,Collection[1],tourelle2,2,1.396263,-0.5235988,0.5235988,null,null,True
54775,2,Collection[1],tourelle3,3,1.396263,-0.5235988,0.5235988,null,null,True
54781,1,Collection[1],tourelle1,1,0.2792527,-0.08726646,0.1396263,TargetPositionTurret1,FlyingTimeAndHit1,True
54783,2,Collection[1],tourelle3,3,1.396263,-0.5235988,0.5235988,null,null,True
54789,1,Collection[2],tourelle1,1,0.2792527,-0.08726646,0.1396263,TargetPositionTurret1,FlyingTimeAndHit1,True
54797,1,Collection[1],tourelle1,1,0.2792527,-0.08726646,0.1396263,TargetPositionTurret1,FlyingTimeAndHit1,True
54798,2,Collection[1],tourelle2,2,0.2792527,-0.1396263,0.1396263,null,null,True
54804,1,Collection[1],tourelle1,1,0.2792527,-0.08726646,0.1396263,TargetPositionTurret1,FlyingTimeAndHit1,True
54805,2,Collection[1],tourelle2,2,0.2792527,-0.1396263,0.1396263,null,null,True
54806,2,Collection[1],tourelle3,3,0.2792527,-0.1396263,0.1396263,null,null,True
54812,1,Collection[1],tourelle1,1,0.2792527,-0.08726646,0.1396263,TargetPositionTurret1,FlyingTimeAndHit1,True
54813,2,Collection[1],tourelle2,2,1.396263,-0.5235988,0.5235988,null,null,True
54814,2,Collection[1],tourelle3,3,0.2792527,-0.1396263,0.1396263,null,null,True
54820,1,Collection[1],tourelle1,1,0.2792527,-0.08726646,0.1396263,TargetPositionTurret1,FlyingTimeAndHit1,True
54827,1,Collection[1],tourelle1,1,0.2792527,-0.08726646,0.1396263,TargetPositionTurret1,FlyingTimeAndHit1,True
54828,2,Collection[1],tourelle3,3,0.2792527,-0.08726646,0.1396263,TargetPositionTurret3,FlyingTimeAndHit3,True
54829,2,Collection[1],tourelle2,2,0.2792527,-0.1396263,0.1396263,null,null,True
54835,1,Collection[1],tourelle1,1,0.2792527,-0.08726646,0.1396263,TargetPositionTurret1,FlyingTimeAndHit1,True
54836,2,Collection[1],tourelle3,3,0.2792527,-0.08726646,0.1396263,TargetPositionTurret3,FlyingTimeAndHit3,True
54843,1,Collection[1],tourelle1,1,0.2792527,-0.08726646,0.1396263,TargetPositionTurret1,FlyingTimeAndHit1,True
54850,1,Collection[1],tourelle1,1,0.2792527,-0.08726646,0.1396263,TargetPositionTurret1,FlyingTimeAndHit1,True
54851,2,Collection[1],tourelle2,2,0.2792527,-0.1396263,0.1396263,null,null,True
54852,2,Collection[1],tourelle3,3,1.396263,-0.5235988,0.5235988,null,null,True
54858,1,Collection[1],tourelle1,1,0.2792527,-0.08726646,0.1396263,TargetPositionTurret1,FlyingTimeAndHit1,True
54859,2,Collection[1],tourelle2,2,1.396263,-0.5235988,0.5235988,null,null,True
54860,2,Collection[1],tourelle3,3,1.396263,-0.5235988,0.5235988,null,null,True
54866,1,Collection[1],tourelle1,1,0.2792527,-0.08726646,0.1396263,TargetPositionTurret1,FlyingTimeAndHit1,True
54867,2,Collection[1],tourelle2,2,1.396263,-0.5235988,0.5235988,null,null,True
54873,1,Collection[1],tourelle1,1,0.2792527,-0.08726646,0.1396263,TargetPositionTurret1,FlyingTimeAndHit1,True
54874,2,Collection[1],tourelle2,2,1.396263,-0.5235988,0.5235988,null,null,True
54880,1,Collection[1],tourelle1,1,0.2792527,-0.08726646,0.1396263,TargetPositionTurret1,FlyingTimeAndHit1,True
54882,2,Collection[1],tourelle3,3,1.396263,-0.5235988,0.5235988,null,null,True
54888,1,Collection[1],tourelle1,1,0.2792527,-0.08726646,0.1396263,TargetPositionTurret1,FlyingTimeAndHit1,True
54890,2,Collection[1],tourelle3,3,1.396263,-0.5235988,0.5235988,null,null,True
54896,1,Collection[1],tourelle1,1,0.2792527,-0.08726646,0.1396263,TargetPositionTurret1,FlyingTimeAndHit1,True
54897,2,Collection[1],tourelle2,2,1.396263,-0.5235988,0.5235988,null,null,True
54898,2,Collection[1],tourelle3,3,2.094395,-1.047198,1.047198,null,null,True
54904,1,Collection[1],tourelle1,1,0.2792527,-0.08726646,0.1396263,TargetPositionTurret1,FlyingTimeAndHit1,True
54905,2,Collection[1],tourelle2,2,1.396263,-0.5235988,0.5235988,null,null,True
54906,2,Collection[1],tourelle3,3,2.094395,-1.047198,1.047198,null,null,True
54912,1,Collection[1],tourelle1,1,0.2792527,-0.08726646,0.1396263,TargetPositionTurret1,FlyingTimeAndHit1,True
54913,2,Collection[1],tourelle2,2,1.396263,-0.5235988,0.5235988,null,null,True
54914,2,Collection[1],tourelle3,3,2.094395,-1.047198,1.047198,null,null,True
54920,1,Collection[1],tourelle1,1,0.2792527,-0.08726646,0.1396263,TargetPositionTurret1,FlyingTimeAndHit1,True
54921,2,Collection[1],tourelle2,2,1.396263,-0.5235988,0.5235988,null,null,True
54927,1,Collection[1],tourelle1,1,0.2792527,-0.08726646,0.1396263,TargetPositionTurret1,FlyingTimeAndHit1,True
54934,1,Collection[1],tourelle1,1,0.2792527,-0.08726646,0.1396263,TargetPositionTurret1,FlyingTimeAndHit1,True
54935,2,Collection[1],tourelle2,2,1.396263,-0.5235988,0.5235988,null,null,True
54941,1,Collection[1],tourelle1,1,0.2792527,-0.08726646,0.1396263,TargetPositionTurret1,FlyingTimeAndHit1,True
54942,2,Collection[1],tourelle3,3,1.396263,-0.5235988,0.5235988,null,null,True
54948,1,Collection[1],tourelle1,1,0.2792527,-0.08726646,0.1396263,TargetPositionTurret1,FlyingTimeAndHit1,True
54955,1,Collection[1],tourelle1,1,0.2792527,-0.08726646,0.1396263,TargetPositionTurret1,FlyingTimeAndHit1,True
54962,3,Collection[2],tourelle1,1,0.2792527,-0.08726646,0.1396263,null,null,True
54967,1,Collection[1],tourelle1,1,0.2792527,-0.08726646,0.1396263,TargetPositionTurret1,FlyingTimeAndHit1,True
54968,2,Collection[1],tourelle2,2,1.396263,-0.5235988,0.5235988,null,null,True
54974,1,Collection[1],tourelle1,1,0.2792527,-0.08726646,0.1396263,TargetPositionTurret1,FlyingTimeAndHit1,True
54982,1,Collection[1],tourelle1,1,0.2792527,-0.08726646,0.1396263,TargetPositionTurret1,FlyingTimeAndHit1,True
54983,2,Collection[1],tourelle2,2,1.396263,-0.5235988,0.5235988,null,null,True
54984,2,Collection[1],tourelle3,3,1.396263,-0.5235988,0.5235988,null,null,True
54990,1,Collection[1],tourelle1,1,0.2792527,-0.08726646,0.1396263,TargetPositionTurret1,FlyingTimeAndHit1,True
54991,2,Collection[1],tourelle2,2,2.094395,-1.047198,1.047198,null,null,True
54992,2,Collection[1],tourelle3,3,1.396263,-0.5235988,0.5235988,null,null,True
54998,1,Collection[1],tourelle1,1,0.2792527,-0.08726646,0.1396263,TargetPositionTurret1,FlyingTimeAndHit1,True
54999,2,Collection[1],tourelle2,2,2.094395,-1.047198,1.047198,null,null,True
55000,2,Collection[1],tourelle3,3,1.396263,-0.5235988,0.5235988,null,null,True
55018,1,Collection[1],tourelle1,1,0.2792527,-0.08726646,0.1396263,TargetPositionTurret1,FlyingTimeAndHit1,True
55020,2,Collection[1],tourelle3,3,1.396263,-0.5235988,0.5235988,null,null,True
55032,2,Collection[1],tourelle1,1,0.2792527,-0.08726646,0.1396263,TargetPositionTurret1,FlyingTimeAndHit1,True
55039,1,Collection[1],tourelle1,1,0.2792527,-0.08726646,0.1396263,TargetPositionTurret1,FlyingTimeAndHit1,True
55041,2,Collection[1],tourelle3,3,1.396263,-0.5235988,0.5235988,null,null,True
55047,1,Collection[1],tourelle1,1,0.2792527,-0.08726646,0.1396263,TargetPositionTurret1,FlyingTimeAndHit1,True
55048,2,Collection[1],tourelle3,3,0.2792527,-0.08726646,0.1396263,TargetPositionTurret3,FlyingTimeAndHit3,True
55049,2,Collection[1],tourelle2,2,0.2792527,-0.1396263,0.1396263,null,null,True
55061,1,Collection[1],tourelle1,1,0.2792527,-0.08726646,0.1396263,TargetPositionTurret1,FlyingTimeAndHit1,True
55062,2,Collection[1],tourelle2,2,1.396263,-0.5235988,0.5235988,null,null,True
55068,1,Collection[1],tourelle1,1,0.2792527,-0.08726646,0.1396263,TargetPositionTurret1,FlyingTimeAndHit1,True
55069,2,Collection[1],tourelle3,3,0.2792527,-0.1396263,0.1396263,null,null,True
55075,1,Collection[1],tourelle1,1,0.2792527,-0.08726646,0.1396263,TargetPositionTurret1,FlyingTimeAndHit1,True
55076,2,Collection[1],tourelle2,2,1.396263,-0.5235988,0.5235988,null,null,True
55077,2,Collection[1],tourelle3,3,1.396263,-0.5235988,0.5235988,null,null,True
55083,1,Collection[1],tourelle1,1,0.2792527,-0.08726646,0.1396263,TargetPositionTurret1,FlyingTimeAndHit1,True
55084,2,Collection[1],tourelle2,2,1.396263,-0.5235988,0.5235988,null,null,True
55085,2,Collection[1],tourelle3,3,1.396263,-0.5235988,0.5235988,null,null,True
55091,1,Collection[1],tourelle1,1,0.2792527,-0.08726646,0.1396263,TargetPositionTurret1,FlyingTimeAndHit1,True
55092,2,Collection[1],tourelle2,2,2.094395,-1.047198,1.047198,null,null,True
55093,2,Collection[1],tourelle3,3,1.396263,-0.5235988,0.5235988,null,null,True
55099,1,Collection[1],tourelle1,1,0.2792527,-0.08726646,0.1396263,TargetPositionTurret1,FlyingTimeAndHit1,True
55100,2,Collection[1],tourelle3,3,0.2792527,-0.08726646,0.1396263,TargetPositionTurret3,FlyingTimeAndHit3,True
55107,1,Collection[1],tourelle1,1,0.2792527,-0.08726646,0.1396263,TargetPositionTurret1,FlyingTimeAndHit1,True
55108,2,Collection[1],tourelle3,3,0.2792527,-0.08726646,0.1396263,TargetPositionTurret3,FlyingTimeAndHit3,True
55115,2,Collection[1],tourelle2,2,1.396263,-0.5235988,0.5235988,null,null,True
55121,1,Collection[1],tourelle1,1,0.2792527,-0.08726646,0.1396263,TargetPositionTurret1,FlyingTimeAndHit1,True
55122,2,Collection[1],tourelle2,2,1.396263,-0.5235988,0.5235988,null,null,True
55123,2,Collection[1],tourelle3,3,1.396263,-0.5235988,0.5235988,null,null,True
55129,1,Collection[1],tourelle1,1,0.2792527,-0.08726646,0.1396263,TargetPositionTurret1,FlyingTimeAndHit1,True
55130,2,Collection[1],tourelle2,2,1.396263,-0.5235988,0.5235988,null,null,True
55136,1,Collection[1],tourelle1,1,0.2792527,-0.08726646,0.1396263,TargetPositionTurret1,FlyingTimeAndHit1,True
55137,2,Collection[1],tourelle3,3,1.396263,-0.5235988,0.5235988,null,null,True
55143,1,Collection[1],tourelle1,1,0.2792527,-0.08726646,0.1396263,TargetPositionTurret1,FlyingTimeAndHit1,True
55144,2,Collection[1],tourelle2,2,1.396263,-0.5235988,0.5235988,null,null,True
55145,2,Collection[1],tourelle3,3,1.396263,-0.5235988,0.5235988,null,null,True
55151,1,Collection[1],tourelle1,1,0.2792527,-0.08726646,0.1396263,TargetPositionTurret1,FlyingTimeAndHit1,True
55152,2,Collection[1],tourelle2,2,0.2792527,-0.1396263,0.1396263,null,null,True
55158,1,Collection[1],tourelle1,1,0.2792527,-0.08726646,0.1396263,TargetPositionTurret1,FlyingTimeAndHit1,True
55159,2,Collection[1],tourelle2,2,0.2792527,-0.1396263,0.1396263,null,null,True
55160,2,Collection[1],tourelle3,3,1.396263,-0.5235988,0.5235988,null,null,True
55166,1,Collection[1],tourelle1,1,0.2792527,-0.08726646,0.1396263,TargetPositionTurret1,FlyingTimeAndHit1,True
55173,1,Collection[1],tourelle1,1,0.2792527,-0.08726646,0.1396263,TargetPositionTurret1,FlyingTimeAndHit1,True
55174,2,Collection[1],tourelle2,2,0.2792527,-0.1396263,0.1396263,null,null,True
55175,2,Collection[1],tourelle3,3,1.396263,-0.5235988,0.5235988,null,null,True
55187,1,Collection[1],tourelle1,1,0.2792527,-0.08726646,0.1396263,TargetPositionTurret1,FlyingTimeAndHit1,True
55188,2,Collection[1],tourelle2,2,1.396263,-0.5235988,0.5235988,null,null,True
55189,2,Collection[1],tourelle3,3,1.396263,-0.5235988,0.5235988,null,null,True
55195,1,Collection[1],tourelle1,1,0.2792527,-0.08726646,0.1396263,TargetPositionTurret1,FlyingTimeAndHit1,True
55196,2,Collection[1],tourelle2,2,1.396263,-0.5235988,0.5235988,null,null,True
55197,2,Collection[1],tourelle3,3,1.396263,-0.5235988,0.5235988,null,null,True
55203,1,Collection[1],tourelle1,1,0.2792527,-0.08726646,0.1396263,TargetPositionTurret1,FlyingTimeAndHit1,True
55210,1,Collection[1],tourelle1,1,0.2792527,-0.08726646,0.1396263,TargetPositionTurret1,FlyingTimeAndHit1,True
55211,2,Collection[1],tourelle2,2,1.396263,-0.5235988,0.5235988,null,null,True
55212,2,Collection[1],tourelle3,3,1.396263,-0.5235988,0.5235988,null,null,True
55218,1,Collection[1],tourelle1,1,0.2792527,-0.08726646,0.1396263,TargetPositionTurret1,FlyingTimeAndHit1,True
55219,2,Collection[1],tourelle2,2,1.396263,-0.5235988,0.5235988,null,null,True
55225,1,Collection[1],tourelle1,1,0.2792527,-0.08726646,0.1396263,TargetPositionTurret1,FlyingTimeAndHit1,True
55226,2,Collection[1],tourelle2,2,1.396263,-0.5235988,0.5235988,null,null,True
55227,2,Collection[1],tourelle3,3,1.396263,-0.5235988,0.5235988,null,null,True
55233,1,Collection[1],tourelle1,1,0.2792527,-0.08726646,0.1396263,TargetPositionTurret1,FlyingTimeAndHit1,True
55234,2,Collection[1],tourelle2,2,2.094395,-1.047198,1.047198,null,null,True
55246,2,Collection[1],tourelle2,2,1.396263,-0.5235988,0.5235988,null,null,True
55247,2,Collection[1],tourelle3,3,1.396263,-0.5235988,0.5235988,null,null,True
55259,2,Collection[1],tourelle2,2,1.396263,-0.5235988,0.5235988,null,null,True
55265,1,Collection[2],tourelle1,1,0.2792527,-0.08726646,0.1396263,TargetPositionTurret1,FlyingTimeAndHit1,True
55266,2,Collection[1],tourelle2,2,1.396263,-0.5235988,0.5235988,null,null,True
55272,1,Collection[2],tourelle1,1,0.2792527,-0.08726646,0.1396263,TargetPositionTurret1,FlyingTimeAndHit1,True
55273,2,Collection[1],tourelle2,2,1.396263,-0.5235988,0.5235988,null,null,True
55279,1,Collection[2],tourelle1,1,0.2792527,-0.08726646,0.1396263,TargetPositionTurret1,FlyingTimeAndHit1,True
55280,2,Collection[1],tourelle2,2,1.396263,-0.5235988,0.5235988,null,null,True
55286,1,Collection[1],tourelle1,1,0.2792527,-0.08726646,0.1396263,TargetPositionTurret1,FlyingTimeAndHit1,True
55287,2,Collection[1],tourelle2,2,1.396263,-0.5235988,0.5235988,null,null,True
55288,2,Collection[1],tourelle3,3,2.094395,-1.047198,1.047198,null,null,True
55294,1,Collection[1],tourelle1,1,0.2792527,-0.08726646,0.1396263,TargetPositionTurret1,FlyingTimeAndHit1,True
55296,2,Collection[1],tourelle3,3,1.396263,-0.5235988,0.5235988,null,null,True
55302,1,Collection[1],tourelle1,1,0.2792527,-0.08726646,0.1396263,TargetPositionTurret1,FlyingTimeAndHit1,True
55303,2,Collection[1],tourelle3,3,1.396263,-0.5235988,0.5235988,null,null,True
55309,1,Collection[1],tourelle1,1,0.2792527,-0.08726646,0.1396263,TargetPositionTurret1,FlyingTimeAndHit1,True
55311,2,Collection[1],tourelle3,3,1.396263,-0.5235988,0.5235988,null,null,True
55317,1,Collection[1],tourelle1,1,0.2792527,-0.08726646,0.1396263,TargetPositionTurret1,FlyingTimeAndHit1,True
55319,2,Collection[1],tourelle3,3,1.396263,-0.5235988,0.5235988,null,null,True
55325,1,Collection[1],tourelle1,1,0.2792527,-0.08726646,0.1396263,TargetPositionTurret1,FlyingTimeAndHit1,True
55326,2,Collection[1],tourelle2,2,1.396263,-0.5235988,0.5235988,null,null,True
55327,2,Collection[1],tourelle3,3,1.396263,-0.5235988,0.5235988,null,null,True
55333,1,Collection[1],tourelle1,1,0.2792527,-0.08726646,0.1396263,TargetPositionTurret1,FlyingTimeAndHit1,True
55334,2,Collection[1],tourelle2,2,1.396263,-0.5235988,0.5235988,null,null,True
55335,2,Collection[1],tourelle3,3,1.396263,-0.5235988,0.5235988,null,null,True
55341,2,Collection[1],tourelle3,3,0.1745329,-0.1745329,0.1745329,null,null,True
55347,1,Collection[1],tourelle1,1,0.2792527,-0.08726646,0.1396263,TargetPositionTurret1,FlyingTimeAndHit1,True
55348,2,Collection[1],tourelle3,3,1.396263,-0.5235988,0.5235988,null,null,True
55354,1,Collection[1],tourelle1,1,0.2792527,-0.08726646,0.1396263,TargetPositionTurret1,FlyingTimeAndHit1,True
55355,2,Collection[1],tourelle2,2,1.396263,-0.5235988,0.5235988,null,null,True
55356,2,Collection[1],tourelle3,3,1.396263,-0.5235988,0.5235988,null,null,True
55362,1,Collection[1],tourelle1,1,0.2792527,-0.08726646,0.1396263,TargetPositionTurret1,FlyingTimeAndHit1,True
55364,2,Collection[1],tourelle3,3,1.396263,-0.5235988,0.5235988,null,null,True
55370,1,Collection[1],tourelle1,1,0.2792527,-0.08726646,0.1396263,TargetPositionTurret1,FlyingTimeAndHit1,True
55371,2,Collection[1],tourelle2,2,1.396263,-0.5235988,0.5235988,null,null,True
55372,2,Collection[1],tourelle3,3,1.396263,-0.5235988,0.5235988,null,null,True
55378,1,Collection[1],tourelle1,1,0.2792527,-0.08726646,0.1396263,TargetPositionTurret1,FlyingTimeAndHit1,True
55380,2,Collection[1],tourelle3,3,1.396263,-0.5235988,0.5235988,null,null,True
55386,1,Collection[1],tourelle1,1,0.2792527,-0.08726646,0.1396263,TargetPositionTurret1,FlyingTimeAndHit1,True
55388,2,Collection[1],tourelle3,3,1.396263,-0.5235988,0.5235988,null,null,True
55394,1,Collection[1],tourelle1,1,0.2792527,-0.08726646,0.1396263,TargetPositionTurret1,FlyingTimeAndHit1,True
55395,2,Collection[1],tourelle3,3,1.396263,-0.5235988,0.5235988,null,null,True
55401,1,Collection[1],tourelle1,1,0.2792527,-0.08726646,0.1396263,TargetPositionTurret1,FlyingTimeAndHit1,True
55402,2,Collection[1],tourelle2,2,1.396263,-0.5235988,0.5235988,null,null,True
55403,2,Collection[1],tourelle3,3,1.396263,-0.5235988,0.5235988,null,null,True
55409,1,Collection[1],tourelle1,1,0.2792527,-0.08726646,0.1396263,TargetPositionTurret1,FlyingTimeAndHit1,True
55411,2,Collection[1],tourelle3,3,1.396263,-0.5235988,0.5235988,null,null,True
55417,1,Collection[1],tourelle1,1,0.2792527,-0.08726646,0.1396263,TargetPositionTurret1,FlyingTimeAndHit1,True
55418,2,Collection[1],tourelle2,2,1.396263,-0.5235988,0.5235988,null,null,True
55424,1,Collection[1],tourelle1,1,0.2792527,-0.08726646,0.1396263,TargetPositionTurret1,FlyingTimeAndHit1,True
55425,2,Collection[1],tourelle2,2,1.396263,-0.5235988,0.5235988,null,null,True
55426,2,Collection[1],tourelle3,3,1.396263,-0.5235988,0.5235988,null,null,True
55432,1,Collection[1],tourelle1,1,0.2792527,-0.08726646,0.1396263,TargetPositionTurret1,FlyingTimeAndHit1,True
55434,2,Collection[1],tourelle3,3,1.396263,-0.5235988,0.5235988,null,null,True
55440,1,Collection[1],tourelle1,1,0.2792527,-0.08726646,0.1396263,TargetPositionTurret1,FlyingTimeAndHit1,True
55441,2,Collection[1],tourelle2,2,1.396263,-0.5235988,0.5235988,null,null,True
55442,2,Collection[1],tourelle3,3,1.396263,-0.5235988,0.5235988,null,null,True
55448,1,Collection[1],tourelle1,1,0.2792527,-0.08726646,0.1396263,TargetPositionTurret1,FlyingTimeAndHit1,True
55449,2,Collection[1],tourelle2,2,1.396263,-0.5235988,0.5235988,null,null,True
55450,2,Collection[1],tourelle3,3,1.396263,-0.5235988,0.5235988,null,null,True
55456,2,Collection[1],tourelle2,2,1.396263,-0.5235988,0.5235988,null,null,True
55457,2,Collection[1],tourelle3,3,1.396263,-0.5235988,0.5235988,null,null,True
55469,1,Collection[1],tourelle1,1,0.2792527,-0.08726646,0.1396263,TargetPositionTurret1,FlyingTimeAndHit1,True
55471,2,Collection[1],tourelle3,3,1.396263,-0.5235988,0.5235988,null,null,True
55477,1,Collection[1],tourelle1,1,0.2792527,-0.08726646,0.1396263,TargetPositionTurret1,FlyingTimeAndHit1,True
55484,1,Collection[1],tourelle1,1,0.2792527,-0.08726646,0.1396263,TargetPositionTurret1,FlyingTimeAndHit1,True
55491,1,Collection[1],tourelle1,1,0.2792527,-0.08726646,0.1396263,TargetPositionTurret1,FlyingTimeAndHit1,True
55492,2,Collection[1],tourelle2,2,0.2792527,-0.1396263,0.1396263,null,null,True
55498,1,Collection[1],tourelle1,1,0.2792527,-0.08726646,0.1396263,TargetPositionTurret1,FlyingTimeAndHit1,True
55499,2,Collection[1],tourelle2,2,0.2792527,-0.1396263,0.1396263,null,null,True
55505,1,Collection[1],tourelle1,1,0.2792527,-0.08726646,0.1396263,TargetPositionTurret1,FlyingTimeAndHit1,True
55506,2,Collection[1],tourelle2,2,1.396263,-0.5235988,0.5235988,null,null,True
55507,2,Collection[1],tourelle3,3,1.396263,-0.5235988,0.5235988,null,null,True
55513,1,Collection[1],tourelle1,1,0.2792527,-0.08726646,0.1396263,TargetPositionTurret1,FlyingTimeAndHit1,True
55515,2,Collection[1],tourelle3,3,1.396263,-0.5235988,0.5235988,null,null,True
55521,1,Collection[1],tourelle1,1,0.2792527,-0.08726646,0.1396263,TargetPositionTurret1,FlyingTimeAndHit1,True
55522,2,Collection[1],tourelle2,2,1.396263,-0.5235988,0.5235988,null,null,True
55528,1,Collection[1],tourelle1,1,0.2792527,-0.08726646,0.1396263,TargetPositionTurret1,FlyingTimeAndHit1,True
55529,2,Collection[1],tourelle2,2,0.2792527,-0.1396263,0.1396263,null,null,True
55535,1,Collection[1],tourelle1,1,0.2792527,-0.08726646,0.1396263,TargetPositionTurret1,FlyingTimeAndHit1,True
55536,2,Collection[1],tourelle2,2,1.396263,-0.5235988,0.5235988,null,null,True
55537,2,Collection[1],tourelle3,3,1.396263,-0.5235988,0.5235988,null,null,True
55543,1,Collection[1],tourelle1,1,0.2792527,-0.08726646,0.1396263,TargetPositionTurret1,FlyingTimeAndHit1,True
55544,2,Collection[1],tourelle2,2,1.396263,-0.5235988,0.5235988,null,null,True
55545,2,Collection[1],tourelle3,3,1.396263,-0.5235988,0.5235988,null,null,True
55551,2,Collection[1],tourelle2,2,1.396263,-0.5235988,0.5235988,null,null,True
55557,1,Collection[1],tourelle1,1,0.2792527,-0.08726646,0.1396263,TargetPositionTurret1,FlyingTimeAndHit1,True
55558,2,Collection[1],tourelle3,3,0.2792527,-0.08726646,0.1396263,null,null,True
55564,1,Collection[1],tourelle1,1,0.2792527,-0.08726646,0.1396263,TargetPositionTurret1,FlyingTimeAndHit1,True
55565,2,Collection[1],tourelle2,2,0.2792527,-0.1396263,0.1396263,null,null,True
55566,2,Collection[1],tourelle3,3,0.2792527,-0.08726646,0.1396263,null,null,True
55572,1,Collection[1],tourelle1,1,0.2792527,-0.08726646,0.1396263,TargetPositionTurret1,FlyingTimeAndHit1,True
55573,2,Collection[1],tourelle2,2,1.396263,-0.5235988,0.5235988,null,null,True
55574,2,Collection[1],tourelle3,3,1.396263,-0.5235988,0.5235988,null,null,True
55580,2,Collection[1],tourelle2,2,1.396263,-0.5235988,0.5235988,null,null,True
55581,2,Collection[1],tourelle3,3,1.396263,-0.5235988,0.5235988,null,null,True
55588,2,Collection[1],tourelle3,3,1.396263,-0.5235988,0.5235988,null,null,True
55594,1,Collection[1],tourelle1,1,0.2792527,-0.08726646,0.1396263,TargetPositionTurret1,FlyingTimeAndHit1,True
55595,2,Collection[1],tourelle2,2,1.396263,-0.5235988,0.5235988,null,null,True
55596,2,Collection[1],tourelle3,3,1.396263,-0.5235988,0.5235988,null,null,True
55602,1,Collection[1],tourelle1,1,0.2792527,-0.08726646,0.1396263,TargetPositionTurret1,FlyingTimeAndHit1,True
55603,2,Collection[1],tourelle3,3,1.396263,-0.5235988,0.5235988,null,null,True
55609,1,Collection[1],tourelle1,1,0.2792527,-0.08726646,0.1396263,TargetPositionTurret1,FlyingTimeAndHit1,True
55610,2,Collection[1],tourelle2,2,1.396263,-0.5235988,0.5235988,null,null,True
55611,2,Collection[1],tourelle3,3,1.396263,-0.5235988,0.5235988,null,null,True
55617,1,Collection[1],tourelle1,1,0.2792527,-0.08726646,0.1396263,TargetPositionTurret1,FlyingTimeAndHit1,True
55618,2,Collection[1],tourelle2,2,1.396263,-0.5235988,0.5235988,null,null,True
55619,2,Collection[1],tourelle3,3,1.396263,-0.5235988,0.5235988,null,null,True
55625,1,Collection[1],tourelle1,1,0.2792527,-0.08726646,0.1396263,TargetPositionTurret1,FlyingTimeAndHit1,True
55626,2,Collection[1],tourelle2,2,1.396263,-0.5235988,0.5235988,null,null,True
55632,1,Collection[1],tourelle1,1,0.2792527,-0.08726646,0.1396263,TargetPositionTurret1,FlyingTimeAndHit1,True
55633,2,Collection[1],tourelle2,2,1.396263,-0.5235988,0.5235988,null,null,True
55634,2,Collection[1],tourelle3,3,1.396263,-0.5235988,0.5235988,null,null,True
55640,1,Collection[1],tourelle1,1,0.2792527,-0.08726646,0.1396263,TargetPositionTurret1,FlyingTimeAndHit1,True
55641,2,Collection[1],tourelle2,2,1.396263,-0.5235988,0.5235988,null,null,True
55647,1,Collection[1],tourelle1,1,0.2792527,-0.08726646,0.1396263,TargetPositionTurret1,FlyingTimeAndHit1,True
55654,2,Collection[1],tourelle1,1,0.2792527,-0.08726646,0.1396263,TargetPositionTurret1,FlyingTimeAndHit1,True
55655,2,Collection[1],tourelle2,2,1.396263,-0.5235988,0.5235988,null,null,True
55656,2,Collection[1],tourelle3,3,1.396263,-0.5235988,0.5235988,null,null,True
55662,1,Collection[1],tourelle1,1,0.2792527,-0.08726646,0.1396263,TargetPositionTurret1,FlyingTimeAndHit1,True
55663,2,Collection[1],tourelle2,2,1.396263,-0.5235988,0.5235988,null,null,True
55664,2,Collection[1],tourelle3,3,1.396263,-0.5235988,0.5235988,null,null,True
55670,1,Collection[1],tourelle1,1,0.2792527,-0.08726646,0.1396263,TargetPositionTurret1,FlyingTimeAndHit1,True
55671,2,Collection[1],tourelle2,2,1.396263,-0.5235988,0.5235988,null,null,True
55672,2,Collection[1],tourelle3,3,1.396263,-0.5235988,0.5235988,null,null,True
55678,1,Collection[1],tourelle1,1,0.2792527,-0.08726646,0.1396263,TargetPositionTurret1,FlyingTimeAndHit1,True
55685,1,Collection[1],tourelle1,1,0.2792527,-0.08726646,0.1396263,TargetPositionTurret1,FlyingTimeAndHit1,True
55686,2,Collection[1],tourelle2,2,1.396263,-0.5235988,0.5235988,null,null,True
55692,1,Collection[2],tourelle1,1,0.2792527,-0.08726646,0.1396263,TargetPositionTurret1,FlyingTimeAndHit1,True
55693,2,Collection[1],tourelle2,2,1.396263,-0.5235988,0.5235988,null,null,True
55700,1,Collection[2],tourelle1,1,0.2792527,-0.08726646,0.1396263,TargetPositionTurret1,FlyingTimeAndHit1,True
55701,2,Collection[1],tourelle2,2,1.396263,-0.5235988,0.5235988,null,null,True
55702,2,Collection[1],tourelle3,3,1.396263,-0.5235988,0.5235988,null,null,True
55708,1,Collection[2],tourelle1,1,0.2792527,-0.08726646,0.1396263,TargetPositionTurret1,FlyingTimeAndHit1,True
55709,2,Collection[1],tourelle2,2,1.396263,-0.5235988,0.5235988,null,null,True
55710,2,Collection[1],tourelle3,3,0.2792527,-0.1396263,0.1396263,null,null,True
55716,1,Collection[2],tourelle1,1,0.2792527,-0.08726646,0.1396263,TargetPositionTurret1,FlyingTimeAndHit1,True
55717,2,Collection[1],tourelle2,2,1.396263,-0.5235988,0.5235988,null,null,True
55718,2,Collection[1],tourelle3,3,0.2792527,-0.1396263,0.1396263,null,null,True
55724,1,Collection[1],tourelle1,1,0.2792527,-0.08726646,0.1396263,TargetPositionTurret1,FlyingTimeAndHit1,True
55725,2,Collection[1],tourelle2,2,1.396263,-0.5235988,0.5235988,null,null,True
55726,2,Collection[1],tourelle3,3,1.396263,-0.5235988,0.5235988,null,null,True
55732,1,Collection[1],tourelle1,1,0.2792527,-0.08726646,0.1396263,TargetPositionTurret1,FlyingTimeAndHit1,True
55733,2,Collection[1],tourelle2,2,1.396263,-0.5235988,0.5235988,null,null,True
55734,2,Collection[1],tourelle3,3,1.396263,-0.5235988,0.5235988,null,null,True
55740,1,Collection[1],tourelle1,1,0.2792527,-0.08726646,0.1396263,TargetPositionTurret1,FlyingTimeAndHit1,True
55741,2,Collection[1],tourelle2,2,2.094395,-1.047198,1.047198,null,null,True
55742,2,Collection[1],tourelle3,3,1.396263,-0.5235988,0.5235988,null,null,True
55748,1,Collection[1],tourelle1,1,0.2792527,-0.08726646,0.1396263,TargetPositionTurret1,FlyingTimeAndHit1,True
55749,2,Collection[1],tourelle2,2,2.094395,-1.047198,1.047198,null,null,True
55750,2,Collection[1],tourelle3,3,1.396263,-0.5235988,0.5235988,null,null,True
55756,1,Collection[1],tourelle1,1,0.2792527,-0.08726646,0.1396263,TargetPositionTurret1,FlyingTimeAndHit1,True
55757,2,Collection[1],tourelle2,2,2.094395,-1.047198,1.047198,null,null,True
55758,2,Collection[1],tourelle3,3,1.396263,-0.5235988,0.5235988,null,null,True
55764,1,Collection[1],tourelle1,1,0.2792527,-0.08726646,0.1396263,TargetPositionTurret1,FlyingTimeAndHit1,True
55765,2,Collection[1],tourelle2,2,0.2792527,-0.1396263,0.1396263,null,null,True
55771,1,Collection[1],tourelle1,1,0.2792527,-0.08726646,0.1396263,TargetPositionTurret1,FlyingTimeAndHit1,True
55772,2,Collection[1],tourelle2,2,1.396263,-0.5235988,0.5235988,null,null,True
55778,1,Collection[1],tourelle1,1,0.2792527,-0.08726646,0.1396263,TargetPositionTurret1,FlyingTimeAndHit1,True
55785,1,Collection[1],tourelle1,1,0.2792527,-0.08726646,0.1396263,TargetPositionTurret1,FlyingTimeAndHit1,True
55792,1,Collection[1],tourelle1,1,0.2792527,-0.08726646,0.1396263,TargetPositionTurret1,FlyingTimeAndHit1,True
55799,2,Collection[1],tourelle2,2,1.396263,-0.5235988,0.5235988,null,null,True
55805,2,Collection[1],tourelle1,1,0.2792527,-0.08726646,0.1396263,TargetPositionTurret1,FlyingTimeAndHit1,True
55806,2,Collection[1],tourelle2,2,1.396263,-0.5235988,0.5235988,null,null,True
55812,1,Collection[1],tourelle1,1,0.2792527,-0.08726646,0.1396263,TargetPositionTurret1,FlyingTimeAndHit1,True
55813,2,Collection[1],tourelle2,2,1.396263,-0.5235988,0.5235988,null,null,True
55814,2,Collection[1],tourelle3,3,1.396263,-0.5235988,0.5235988,null,null,True
55820,1,Collection[1],tourelle1,1,0.2792527,-0.08726646,0.1396263,TargetPositionTurret1,FlyingTimeAndHit1,True
55821,2,Collection[1],tourelle2,2,1.396263,-0.5235988,0.5235988,null,null,True
55822,2,Collection[1],tourelle3,3,1.396263,-0.5235988,0.5235988,null,null,True
55828,1,Collection[1],tourelle1,1,0.2792527,-0.08726646,0.1396263,TargetPositionTurret1,FlyingTimeAndHit1,True
55829,2,Collection[1],tourelle2,2,1.396263,-0.5235988,0.5235988,null,null,True
55830,2,Collection[1],tourelle3,3,1.396263,-0.5235988,0.5235988,null,null,True
55836,1,Collection[1],tourelle1,1,0.2792527,-0.08726646,0.1396263,TargetPositionTurret1,FlyingTimeAndHit1,True
55838,2,Collection[1],tourelle3,3,1.396263,-0.5235988,0.5235988,null,null,True
55844,1,Collection[1],tourelle1,1,0.2792527,-0.08726646,0.1396263,TargetPositionTurret1,FlyingTimeAndHit1,True
55863,1,Collection[1],tourelle1,1,0.2792527,-0.08726646,0.1396263,TargetPositionTurret1,FlyingTimeAndHit1,True
55864,2,Collection[1],tourelle2,2,2.094395,-1.047198,1.047198,null,null,True
55865,2,Collection[1],tourelle3,3,1.396263,-0.5235988,0.5235988,null,null,True
55871,1,Collection[1],tourelle1,1,0.2792527,-0.08726646,0.1396263,TargetPositionTurret1,FlyingTimeAndHit1,True
55878,1,Collection[1],tourelle1,1,0.2792527,-0.08726646,0.1396263,TargetPositionTurret1,FlyingTimeAndHit1,True
55880,2,Collection[1],tourelle3,3,1.396263,-0.5235988,0.5235988,null,null,True
55886,1,Collection[1],tourelle1,1,0.2792527,-0.08726646,0.1396263,TargetPositionTurret1,FlyingTimeAndHit1,True
55888,2,Collection[1],tourelle3,3,1.396263,-0.5235988,0.5235988,null,null,True
55894,1,Collection[1],tourelle1,1,0.2792527,-0.08726646,0.1396263,TargetPositionTurret1,FlyingTimeAndHit1,True
55895,2,Collection[1],tourelle2,2,1.396263,-0.5235988,0.5235988,null,null,True
55896,2,Collection[1],tourelle3,3,1.396263,-0.5235988,0.5235988,null,null,True
55902,2,Collection[1],tourelle2,2,1.396263,-0.5235988,0.5235988,null,null,True
55903,2,Collection[1],tourelle3,3,1.396263,-0.5235988,0.5235988,null,null,True
55909,1,Collection[1],tourelle1,1,0.2792527,-0.08726646,0.1396263,TargetPositionTurret1,FlyingTimeAndHit1,True
55911,2,Collection[1],tourelle3,3,1.396263,-0.5235988,0.5235988,null,null,True
55917,1,Collection[1],tourelle1,1,0.2792527,-0.08726646,0.1396263,TargetPositionTurret1,FlyingTimeAndHit1,True
55918,2,Collection[1],tourelle2,2,1.396263,-0.5235988,0.5235988,null,null,True
55919,2,Collection[1],tourelle3,3,1.396263,-0.5235988,0.5235988,null,null,True
107914,1,Collection[1],tourelle1,1,0.2792527,-0.08726646,0.1396263,TargetPositionTurret1,FlyingTimeAndHit1,True
107916,2,Collection[1],tourelle3,3,1.396263,-0.5235988,0.5235988,null,null,True
