,AcknowUnitType,AliasName,ArmorDescriptorFrontID,ArmorDescriptorRearID,ArmorDescriptorSidesID,ArmorDescriptorTopID,AutoOrientation,BlindagePropertiesID,CanDeploySmoke,CanWinExperience,Category,ClassNameForDebug,CommonDamageDescriptorID,CoutEtoile,CyclicManoeuvrability,DamageModuleID,DamageSelectorID,DeathExplosionAmmo,DescriptorId,DetectionTBA,EliteDeployableAmount,ExperienceGainBySecond,ExperienceModuleID,ExperienceSelectorID,Factory,FlyingAltitude,FrontArmor,FuelCapacity,FuelModuleSelectorID,FuelMoveDuration,GFactorLimit,GunMuzzleSpeed,HardenedDeployableAmount,HitRollECMModifier,HitRollSizeModifier,IconeType,IsPrototype,IsTargetableAsBoat,Key,KillExperienceBonus,LateralSpeed,ManageUnitOrientation,Mass,MaxAcceleration,MaxDamages,MaxDeceleration,MaxHPForHUD,MaxInclination,MaxPacks,MaxSuppressionDamage,Maxspeed,MinimalAltitude,MotherCountry,MovementModuleID,MovementSelectorID,MovementType,NameInMenuToken,Nationalite,OpticalStrength,OpticalStrengthAltitude,OpticalStrengthAntiradar,PaliersPhysicalDamage,PaliersSuppressDamage,PorteeVision,PorteeVisionTBA,PositionInMenu,ProductionPrice,ProductionTime,ProductionYear,RearArmor,RookieDeployableAmount,RotorArea,SalvoWeaponOneIsMain,SalvoWeaponThreeIsMain,SalvoWeaponTwoIsMain,SalvosWeaponOne,SalvosWeaponThree,SalvosWeaponTwo,SidesArmor,SpecializedDetectionPlanes,SpecializedDetectionShips,SpecializedOpticalStrengthShips,SpeedBonusOnRoad,StickToGround,StunDamageRegen,StunDamageToGetStunned,SuppressDamageRegenRatioOutOfRange,SuppressDamagesRegenRatio,TempsDemiTour,TerrainsToIgnoreMask,TextureForInterface,TextureMotherCountryForInterface,TextureTransportForInterface,TopArmor,TorqueManoeuvrability,TrainedDeployableAmount,Transporter,TurretNoneID,TurretNoneType,TurretOneID,TurretOneType,TurretThreeID,TurretThreeType,TurretTwoID,TurretTwoType,TypeForAcknow,UnitDescriptorID,UnitMovingType,UnitStealthBonus,UpgradeRequire,UpwardsSpeed,VehicleSubType,VeteranDeployableAmount,VisibilityModuleID,VisibilitySelectorID,VisionModuleID,VisionSelectorID,VisionUnitType,VitesseCombat,WeaponFourAffecteParNombre,WeaponFourAffichageMenu,WeaponFourAffichageMunitionParSalve,WeaponFourAmmunitionID,WeaponFourAngleDispersion,WeaponFourArme,WeaponFourCaliber,WeaponFourCorrectedShotDispersionMultiplier,WeaponFourDescriptorId,WeaponFourDispersionAtMaxRange,WeaponFourDispersionAtMinRange,WeaponFourEfficaciteSelonPortee,WeaponFourFX_frottement,WeaponFourFX_tir_sans_physic,WeaponFourFX_tir_tendu,WeaponFourFX_vitesse_de_depart,WeaponFourFireDescriptor,WeaponFourFireTriggeringProbability,WeaponFourGuidance,WeaponFourHitRollRule,WeaponFourIgnoreInflammabilityConditions,WeaponFourInterdireTirReflexe,WeaponFourInterfaceWeaponTexture,WeaponFourIsFireAndForget,WeaponFourIsSubAmmunition,WeaponFourLevel,WeaponFourMissileDescriptor,WeaponFourMissileTimeBetweenCorrections,WeaponFourName,WeaponFourNbTirParSalves,WeaponFourNbrProjectilesSimultanes,WeaponFourNeedModelChange,WeaponFourNoiseDissimulationMalus,WeaponFourPhysicalDamages,WeaponFourPorteeMaximale,WeaponFourPorteeMaximaleBateaux,WeaponFourPorteeMaximaleHA,WeaponFourPorteeMaximaleProjectile,WeaponFourPorteeMaximaleTBA,WeaponFourPorteeMinimale,WeaponFourPorteeMinimaleBateaux,WeaponFourPorteeMinimaleHA,WeaponFourPorteeMinimaleProjectile,WeaponFourPorteeMinimaleTBA,WeaponFourProjectileType,WeaponFourPuissance,WeaponFourRadiusSplashPhysicalDamages,WeaponFourRadiusSplashSuppressDamages,WeaponFourRandomDispersion,WeaponFourRayonPinned,WeaponFourSmokeDescriptor,WeaponFourSupplyCost,WeaponFourSuppressDamages,WeaponFourTempsAnimation,WeaponFourTempsDeVisee,WeaponFourTempsEntreDeuxFx,WeaponFourTempsEntreDeuxSalves,WeaponFourTempsEntreDeuxTirs,WeaponFourTirIndirect,WeaponFourTirReflexe,WeaponFourTypeArme,WeaponFourTypeName,WeaponFourWeaponCursorType,WeaponManagerID,WeaponManagerModuleSelectorID,WeaponOneAffecteParNombre,WeaponOneAffichageMenu,WeaponOneAffichageMunitionParSalve,WeaponOneAmmunitionID,WeaponOneAngleDispersion,WeaponOneAnimateOnlyOneSoldier,WeaponOneArme,WeaponOneCaliber,WeaponOneCorrectedShotDispersionMultiplier,WeaponOneDescriptorId,WeaponOneDispersionAtMaxRange,WeaponOneDispersionAtMinRange,WeaponOneEfficaciteSelonPortee,WeaponOneFX_frottement,WeaponOneFX_tir_sans_physic,WeaponOneFX_tir_tendu,WeaponOneFX_vitesse_de_depart,WeaponOneFireDescriptor,WeaponOneFireTriggeringProbability,WeaponOneGuidance,WeaponOneHitRollRule,WeaponOneIgnoreInflammabilityConditions,WeaponOneInterdireTirReflexe,WeaponOneInterfaceWeaponTexture,WeaponOneIsFireAndForget,WeaponOneIsSubAmmunition,WeaponOneLevel,WeaponOneMissileClassNameForDebug,WeaponOneMissileDescriptor,WeaponOneMissileMaxAcceleration,WeaponOneMissileMaxSpeed,WeaponOneMissileTimeBetweenCorrections,WeaponOneName,WeaponOneNbTirParSalves,WeaponOneNbrProjectilesSimultanes,WeaponOneNeedModelChange,WeaponOneNoiseDissimulationMalus,WeaponOnePhysicalDamages,WeaponOnePorteeMaximale,WeaponOnePorteeMaximaleBateaux,WeaponOnePorteeMaximaleHA,WeaponOnePorteeMaximaleProjectile,WeaponOnePorteeMaximaleTBA,WeaponOnePorteeMinimale,WeaponOnePorteeMinimaleBateaux,WeaponOnePorteeMinimaleHA,WeaponOnePorteeMinimaleProjectile,WeaponOnePorteeMinimaleTBA,WeaponOneProjectileType,WeaponOnePuissance,WeaponOneRadiusSplashPhysicalDamages,WeaponOneRadiusSplashSuppressDamages,WeaponOneRandomDispersion,WeaponOneRayonPinned,WeaponOneSalvoStockIndex,WeaponOneSalvoStockIndex_ForInterface,WeaponOneSmokeDescriptor,WeaponOneSupplyCost,WeaponOneSuppressDamages,WeaponOneTempsAnimation,WeaponOneTempsDeVisee,WeaponOneTempsEntreDeuxFx,WeaponOneTempsEntreDeuxSalves,WeaponOneTempsEntreDeuxTirs,WeaponOneTirContinu,WeaponOneTirEnMouvement,WeaponOneTirIndirect,WeaponOneTirReflexe,WeaponOneTypeArme,WeaponOneTypeName,WeaponOneWeaponCursorType,WeaponSabordAngle,WeaponThreeAffecteParNombre,WeaponThreeAffichageMenu,WeaponThreeAffichageMunitionParSalve,WeaponThreeAmmunitionID,WeaponThreeAngleDispersion,WeaponThreeAnimateOnlyOneSoldier,WeaponThreeArme,WeaponThreeCaliber,WeaponThreeCorrectedShotDispersionMultiplier,WeaponThreeDescriptorId,WeaponThreeDispersionAtMaxRange,WeaponThreeDispersionAtMinRange,WeaponThreeEfficaciteSelonPortee,WeaponThreeFX_frottement,WeaponThreeFX_tir_sans_physic,WeaponThreeFX_tir_tendu,WeaponThreeFX_vitesse_de_depart,WeaponThreeFireDescriptor,WeaponThreeFireTriggeringProbability,WeaponThreeGuidance,WeaponThreeHitRollRule,WeaponThreeIgnoreInflammabilityConditions,WeaponThreeInterdireTirReflexe,WeaponThreeInterfaceWeaponTexture,WeaponThreeIsFireAndForget,WeaponThreeIsSubAmmunition,WeaponThreeLevel,WeaponThreeMissileClassNameForDebug,WeaponThreeMissileDescriptor,WeaponThreeMissileMaxAcceleration,WeaponThreeMissileMaxSpeed,WeaponThreeMissileTimeBetweenCorrections,WeaponThreeName,WeaponThreeNbTirParSalves,WeaponThreeNbrProjectilesSimultanes,WeaponThreeNeedModelChange,WeaponThreeNoiseDissimulationMalus,WeaponThreePhysicalDamages,WeaponThreePorteeMaximale,WeaponThreePorteeMaximaleBateaux,WeaponThreePorteeMaximaleHA,WeaponThreePorteeMaximaleProjectile,WeaponThreePorteeMaximaleTBA,WeaponThreePorteeMinimale,WeaponThreePorteeMinimaleBateaux,WeaponThreePorteeMinimaleHA,WeaponThreePorteeMinimaleProjectile,WeaponThreePorteeMinimaleTBA,WeaponThreeProjectileType,WeaponThreePuissance,WeaponThreeRadiusSplashPhysicalDamages,WeaponThreeRadiusSplashSuppressDamages,WeaponThreeRandomDispersion,WeaponThreeRayonPinned,WeaponThreeSalvoStockIndex,WeaponThreeSalvoStockIndex_ForInterface,WeaponThreeSmokeDescriptor,WeaponThreeSupplyCost,WeaponThreeSuppressDamages,WeaponThreeTempsAnimation,WeaponThreeTempsDeVisee,WeaponThreeTempsEntreDeuxFx,WeaponThreeTempsEntreDeuxSalves,WeaponThreeTempsEntreDeuxTirs,WeaponThreeTirContinu,WeaponThreeTirEnMouvement,WeaponThreeTirIndirect,WeaponThreeTirReflexe,WeaponThreeTypeArme,WeaponThreeTypeName,WeaponThreeWeaponCursorType,WeaponTwoAffecteParNombre,WeaponTwoAffichageMenu,WeaponTwoAffichageMunitionParSalve,WeaponTwoAmmunitionID,WeaponTwoAngleDispersion,WeaponTwoAnimateOnlyOneSoldier,WeaponTwoArme,WeaponTwoCaliber,WeaponTwoCorrectedShotDispersionMultiplier,WeaponTwoDescriptorId,WeaponTwoDispersionAtMaxRange,WeaponTwoDispersionAtMinRange,WeaponTwoEfficaciteSelonPortee,WeaponTwoFX_frottement,WeaponTwoFX_tir_sans_physic,WeaponTwoFX_tir_tendu,WeaponTwoFX_vitesse_de_depart,WeaponTwoFireDescriptor,WeaponTwoFireTriggeringProbability,WeaponTwoGuidance,WeaponTwoHitRollRule,WeaponTwoIgnoreInflammabilityConditions,WeaponTwoInterdireTirReflexe,WeaponTwoInterfaceWeaponTexture,WeaponTwoIsFireAndForget,WeaponTwoIsSubAmmunition,WeaponTwoLevel,WeaponTwoMissileClassNameForDebug,WeaponTwoMissileDescriptor,WeaponTwoMissileMaxAcceleration,WeaponTwoMissileMaxSpeed,WeaponTwoMissileTimeBetweenCorrections,WeaponTwoName,WeaponTwoNbTirParSalves,WeaponTwoNbrProjectilesSimultanes,WeaponTwoNeedModelChange,WeaponTwoNoiseDissimulationMalus,WeaponTwoPhysicalDamages,WeaponTwoPorteeMaximale,WeaponTwoPorteeMaximaleBateaux,WeaponTwoPorteeMaximaleHA,WeaponTwoPorteeMaximaleProjectile,WeaponTwoPorteeMaximaleTBA,WeaponTwoPorteeMinimale,WeaponTwoPorteeMinimaleBateaux,WeaponTwoPorteeMinimaleHA,WeaponTwoPorteeMinimaleProjectile,WeaponTwoPorteeMinimaleTBA,WeaponTwoProjectileType,WeaponTwoPuissance,WeaponTwoRadiusSplashPhysicalDamages,WeaponTwoRadiusSplashSuppressDamages,WeaponTwoRandomDispersion,WeaponTwoRayonPinned,WeaponTwoSalvoStockIndex,WeaponTwoSalvoStockIndex_ForInterface,WeaponTwoSmokeDescriptor,WeaponTwoSupplyCost,WeaponTwoSuppressDamages,WeaponTwoTempsAnimation,WeaponTwoTempsDeVisee,WeaponTwoTempsEntreDeuxFx,WeaponTwoTempsEntreDeuxSalves,WeaponTwoTempsEntreDeuxTirs,WeaponTwoTirContinu,WeaponTwoTirEnMouvement,WeaponTwoTirIndirect,WeaponTwoTirReflexe,WeaponTwoTypeArme,WeaponTwoTypeName,WeaponTwoWeaponCursorType,_ShortDatabaseName
1470,27,null,66658,66658,66658,66658,True,48423,False,True,2,Unit_MI2URN_Zmija,45349,1,100,35461,24745,89 : 24754 (True) - TAmmunition,00000000-0000-0000-0000-00009d080000,416000,0,0.1,27756,16515,11,,4,600,25371,350,2.5,,8,null,-0.1,1,null,null,null,2.5,2600,True,3700,2080,4,2080,4,89,2,800,10400,,POL,36033,25321,TMouvementHandlerHelicopterDescriptor,AF2B9318F70DD305,1,60,80,null,"('0', '0.5', '0.75')","('0', '0.25', '0.5', '0.75')",260000,364000,95,30,5,1972,4,0,150,False,False,False,20,-1,2,4,416000,1040000,60,,null,5,300,20,"('1:0.2', '10:0.5', '30:1', '40:2', '50:3')",2,,78 : 25372 (True) - TUIResourceTexture,Zoom123,null,4,100,12,null,,,45812,TTurretUnitDescriptor,,,45813,TTurretUnitDescriptor,105,16142,6,1,81 : 16146 (True) - TUniteAuSolDescriptor,,,0,27758,16517,35477,24763,null,20800,,,,,,,,,,,,,,,,,,,,,,,,,,,,,,,,,,,,,,,,,,,,,,,,,,,,,,,,,,,,,,,,36082,25370,null,True,16,74054,0.02,,3,B28C180000000000,null,00000000-0000-0000-0600-0000a5080000,null,null,null,0.01,null,True,120000,82 : 27774 (True) - TUniteDescriptor,0.05,null,113 : 77393 (False) - TModernWarfareHitRollRule,null,null,78 : 82367 (True) - TUIResourceTexture,null,null,3,,null,,,null,887108E007000000,16,2,null,1.38,1,156000,156000,null,null,null,52000,52000,null,null,null,null,40,1118,3718,null,7800,,,null,77,132,null,0.2,0.2,5,0.2,,,null,True,295D975EC5010000,0B06000000000000,1,null,,,,,,,,,,,,,,,,,,,,,,,,,,,,,,,,,,,,,,,,,,,,,,,,,,,,,,,,,,,,,,,,,,,,,,,,null,True,15,70815,0.01,,3,B24C0C0000000000,null,00000000-0000-0000-0600-0000f4060000,null,null,null,0.01,null,True,180000,82 : 27774 (True) - TUniteDescriptor,0.05,null,113 : 77393 (False) - TModernWarfareHitRollRule,null,null,78 : 80372 (True) - TUIResourceTexture,null,null,2,,null,,,null,C4D0610000000000,2,1,null,1.46,1,117000,117000,null,null,117000,null,null,null,null,null,null,250,442,1508,null,2080,,,null,15,46,null,1,0.1,1.2,0.8,,,null,True,F46CA274AE2F0000,0B06000000000000,5,Descriptor_Unit_MI2URN_Zmija
356,33,FUSILIERS,66681,66681,66681,66681,True,48383,False,True,3,Unit_Fusiliers,38589,1,,27908,16675,89 : 16551 (True) - TAmmunition,00000000-0000-0000-0000-000023050000,364000,0,0.1,27756,16515,6,,2,,,,,,16,null,-0.15,1,null,null,null,2.5,,null,,4030,10,4030,10,,3,800,1560,,UK,27887,16651,TMouvementHandlerLandVehicleDescriptor,F8ADBAB18BEB1000,null,80,40,null,"('0', '0.5', '0.75')","('0', '0.25', '0.5', '0.75')",260000,null,96,10,10,1975,2,0,,False,False,False,20,10,6,2,416000,1040000,80,null,True,5,300,20,"('1:0.2', '10:0.5', '30:1', '40:2', '50:3')",0.1,null,78 : 18850 (True) - TUIResourceTexture,CommonTexture_MotherCountryFlag_TCH,78 : 18851 (True) - TUIResourceTexture,2,,20,null,,,40265,TTurretInfanterieDescriptor,,,40266,TTurretInfanterieDescriptor,125,15028,1,2,null,,2,0,27882,16646,27812,16575,1,1560,,,,,,,,,,,,,,,,,,,,,,,,,,,,,,,,,,,,,,,,,,,,,,,,,,,,,,,,,,,,,,,,29938,18847,null,True,1,66973,0.015,,47,DEF248B27C1C0000,null,00000000-0000-0000-0600-000018080000,null,null,null,0.01,null,True,40000,null,null,null,113 : 77549 (False) - TModernWarfareHitRollRule,null,null,78 : 77699 (True) - TUIResourceTexture,null,null,3,,null,,,null,E1620DC805000000,1,1,True,2.32,1,39000,39000,null,null,null,null,null,null,null,null,null,150,130,8580,null,1300,,,null,15,264,null,null,1,3,1,,,null,True,E162010000000000,0B06000000000000,1,,,,,,,,,,,,,,,,,,,,,,,,,,,,,,,,,,,,,,,,,,,,,,,,,,,,,,,,,,,,,,,,,,,,,,,,,null,True,100,66961,0.01,,null,B23C1C2502000000,null,00000000-0000-0000-0600-00004f040000,null,null,null,0.01,null,True,180000,null,null,null,113 : 77431 (False) - TModernWarfareHitRollRule,null,null,78 : 77675 (True) - TUIResourceTexture,null,null,3,,null,,,null,F1EADEC282580000,10,1,null,2.25,0.5,65000,65000,null,null,44200,6500,6500,null,null,null,null,16,156,2600,null,260,,,null,10,55,null,2,0.2,5,1,,,null,True,D165010000000000,0B06000000000000,6,Descriptor_Unit_Fusiliers
36,24,AMX-10 RC,66545,66546,66545,66546,True,48608,False,True,2,Unit_AMX_10_RC,38700,2,,28052,16823,89 : 16533 (True) - TAmmunition,00000000-0000-0000-0000-000008040000,364000,0,0.1,27756,16515,10,,6,520,16825,1000,,,8,null,null,1,null,null,null,2.5,,True,,1950,10,2600,10,,2,800,4420,,FR,28053,16824,TMouvementHandlerLandVehicleDescriptor,0D1708E2B5000000,null,120,40,null,"('0', '0.5', '0.75')","('0', '0.25', '0.5', '0.75')",260000,null,9,30,10,1980,5,0,,False,False,False,25,-1,20,6,416000,1040000,120,0.7647059,True,5,300,20,"('1:0.2', '10:0.5', '30:1', '40:2', '50:3')",3,null,78 : 16826 (True) - TUIResourceTexture,Divers,78 : 16535 (True) - TUIResourceTexture,5,,12,null,,,38698,TTurretTwoAxisDescriptor,,,38699,TTurretTwoAxisDescriptor,109,14708,7,1.5,81 : 15509 (True) - TUniteAuSolDescriptor,,3,0,27994,16764,28000,16770,1,4420,,,,,,,,,,,,,,,,,,,,,,,,,,,,,,,,,,,,,,,,,,,,,,,,,,,,,,,,,,,,,,,,28051,16822,null,True,100,66840,0.01,,null,B23C1C2502000000,null,00000000-0000-0000-0600-000000040000,null,null,null,0.01,null,True,180000,null,null,null,113 : 77481 (False) - TModernWarfareHitRollRule,null,null,78 : 77597 (True) - TUIResourceTexture,null,null,3,,null,,,null,02840D0702000000,10,1,null,1.762,0.5,65000,65000,null,null,39000,null,null,null,null,null,null,16,156,520,null,260,,,null,20,55,null,1,0.2,2,0.8,,,null,True,D175010000000000,0B06000000000000,6,,,,,,,,,,,,,,,,,,,,,,,,,,,,,,,,,,,,,,,,,,,,,,,,,,,,,,,,,,,,,,,,,,,,,,,,,null,True,1,66839,0.005,,3,B26C040200000000,null,00000000-0000-0000-0600-000093060000,null,null,null,0.01,null,True,140000,82 : 27774 (True) - TUniteDescriptor,0.1,null,113 : 77595 (False) - TModernWarfareHitRollRule,null,null,78 : 77596 (True) - TUIResourceTexture,null,null,3,,null,,,null,F46CA24BF35C0000,1,1,null,2.05,3,156000,156000,null,null,null,null,null,null,null,null,null,260,2054,6838,null,7800,,,null,20,121,null,1.4,1,8.5,1,,,null,True,B31E95B36B5E0000,0B06000000000000,4,Descriptor_Unit_AMX_10_RC
1044,22,T-55AM2 MERIDA,66915,66545,66884,66545,True,54541,False,True,3,Unit_T55AM2_Merida,41851,2,,31692,20712,89 : 16551 (True) - TAmmunition,00000000-0000-0000-0000-00002c070000,364000,0,0.1,27756,16515,9,,14,1280,18811,600,,,10,null,null,1,null,null,null,2.5,,True,,1300,10,2600,10,,2,800,2600,,POL,29204,18057,TMouvementHandlerLandVehicleDescriptor,EEAD5EC3B5188607,1,60,20,null,"('0', '0.5', '0.75')","('0', '0.25', '0.5', '0.75')",260000,null,2,50,10,1985,6,0,,False,False,False,31,-1,10,8,416000,1040000,60,1.2,True,5,300,20,"('1:0.2', '10:0.5', '30:1', '40:2', '50:3')",5,null,78 : 22851 (True) - TUIResourceTexture,Zoom123,null,6,,14,null,,,43646,TTurretTwoAxisDescriptor,,,43647,TTurretTwoAxisDescriptor,108,15716,5,1,81 : 15718 (True) - TUniteAuSolDescriptor,,null,0,27758,16517,28009,16780,1,2600,,,,,,,,,,,,,,,,,,,,,,,,,,,,,,,,,,,,,,,,,,,,,,,,,,,,,,,,,,,,,,,,33629,22850,null,True,100,66544,0.01,,1,B28C948300000000,null,00000000-0000-0000-0600-0000e9030000,null,null,null,0.01,null,True,180000,null,null,null,113 : 77328 (False) - TModernWarfareHitRollRule,null,null,78 : 77327 (True) - TUIResourceTexture,null,null,3,,null,,,null,558B3BC820000000,10,1,null,1.254,0.75,78000,78000,null,null,65000,null,null,null,null,null,null,16,260,832,null,260,,,null,20,90,null,1,0.2,3,0.8,,,null,True,D175010000000000,0B06000000000000,6,,,,,,,,,,,,,,,,,,,,,,,,,,,,,,,,,,,,,,,,,,,,,,,,,,,,,,,,,,,,,,,,,,,,,,,,,null,True,1,71996,0.01,,3,B21C040200000000,null,00000000-0000-0000-0600-00006e060000,null,null,null,0.01,null,True,140000,82 : 27774 (True) - TUniteDescriptor,0.1,null,113 : 77686 (False) - TModernWarfareHitRollRule,null,null,78 : 81407 (True) - TUIResourceTexture,null,null,3,,null,,,null,5E20380000000000,1,1,null,2,3,169000,169000,null,null,null,null,null,null,null,null,null,260,1950,6500,null,7800,,,null,20,115,null,1.4,1,8.5,1,,,null,True,B31E95B36B5E0000,0B06000000000000,4,Descriptor_Unit_T55AM2_Merida
784,30,NOAH,66546,66658,66546,66658,True,51034,False,True,5,Unit_NOAH,39965,2,,29573,18449,89 : 16533 (True) - TAmmunition,00000000-0000-0000-0000-00006c060000,364000,0,0.1,27756,16515,13,,5,500,18460,320,,,3,null,null,3,null,null,null,2.5,,True,,1950,5,2600,5,,2,800,1300,,NOR,29583,18459,TMouvementHandlerLandVehicleDescriptor,D292610000000000,null,60,250,null,"('0', '0.5', '0.75')","('0', '0.25', '0.5', '0.75')",260000,null,8,70,10,1988,4,0,,False,False,False,1,-1,-1,5,780000,1040000,60,3.4,True,5,300,20,"('1:0.2', '10:0.5', '30:1', '40:2', '50:3')",3,null,78 : 21340 (True) - TUIResourceTexture,CommonTexture_MotherCountryFlag_US,78 : 16535 (True) - TUIResourceTexture,4,,4,null,,,42364,TTurretTwoAxisDescriptor,,,,,123,15456,5,1,null,,null,0,27758,16517,27784,16545,1,1300,,,,,,,,,,,,,,,,,,,,,,,,,,,,,,,,,,,,,,,,,,,,,,,,,,,,,,,,,,,,,,,,32270,21337,null,True,3,70750,0.01,,3,B7999A1C00000000,null,00000000-0000-0000-0600-0000b6090000,null,null,null,null,True,null,65000,null,null,1,113 : 78451 (False) - TModernWarfareHitRollRule,null,null,78 : 80312 (True) - TUIResourceTexture,null,null,1,Missile_SAM_NOAH_salvex3,,65000,780000,10,306FB61300000000,3,1,null,2,9,null,null,338000,null,208000,null,null,null,null,41600,5,500,16380,32760,null,26000,,,null,567,360,null,0.2,1,25,1,,,null,True,D7D2010000000000,0B06000000000000,3,,,,,,,,,,,,,,,,,,,,,,,,,,,,,,,,,,,,,,,,,,,,,,,,,,,,,,,,,,,,,,,,,,,,,,,,,,,,,,,,,,,,,,,,,,,,,,,,,,,,,,,,,,,,,,,,,,,,,,,,,,,,,,,,,,,,,,,,,,,,,,,,Descriptor_Unit_NOAH
1366,38,null,66545,66545,66545,66658,null,60380,False,True,2,Unit_Type_62_Shangai,45042,null,,35373,24657,89 : 24476 (True) - TAmmunition,00000000-0000-0000-0000-000046080000,364000,6,0.1,27756,16515,12,,6,,,,,,8,null,null,1,null,null,null,2.5,,True,,2210,50,2210,4,,2,1000,23400,,NK,35317,24601,TMouvementHandlerLandVehicleDescriptor,B3D976C3A1D6BE07,1,170,120,null,"('0', '0.5', '0.75')","('0', '0.25', '0.5', '0.75')",364000,null,9,30,10,1973,6,12,,True,True,False,20,20,-1,6,780000,1040000,80,null,True,10,600,20,"('1:2', '10:4', '30:8', '40:12', '50:18')",5,16,78 : 24724 (True) - TUIResourceTexture,CommonTexture_MotherCountryFlag_URSS,null,4,,10,null,45312,TTurretTwoAxisDescriptor,45309,TTurretTwoAxisDescriptor,45311,TTurretTwoAxisDescriptor,45310,TTurretTwoAxisDescriptor,101,16038,9,0.7,null,,4,7,35176,24456,35439,24723,6,23400,,,,,,,,,,,,,,,,,,,,,,,,,,,,,,,,,,,,,,,,,,,,,,,,,,,,,,,,,,,,,,,,35438,24722,null,True,100,73519,0.002,,3,B26C0C0000000000,null,00000000-0000-0000-0600-0000ba070000,null,null,null,0.01,null,True,180000,null,null,null,113 : 77328 (False) - TModernWarfareHitRollRule,null,null,78 : 82113 (True) - TUIResourceTexture,null,null,3,,null,,,null,C6201C6AED7B0000,10,1,null,5,1,130000,130000,182000,null,156000,null,null,null,null,null,null,14,650,1300,null,130,,,null,50,2,null,0.4,0.2,6,1,,,null,True,74AE2FE56E620000,0B06000000000000,5,,,,,,,,,,,,,,,,,,,,,,,,,,,,,,,,,,,,,,,,,,,,,,,,,,,,,,,,,,,,,,,,,,,,,,,,,,,,,,,,,,,,,,,,,,,,,,,,,,,,,,,,,,,,,,,,,,,,,,,,,,,,,,,,,,,,,,,,,,,,,,,,Descriptor_Unit_Type_62_Shangai
1155,31,Type 80,66875,66545,66609,66658,True,58826,False,True,5,Unit_Type_80_SPAAG_NK,44175,null,,34230,23453,89 : 16551 (True) - TAmmunition,00000000-0000-0000-0000-00008f070000,364000,0,0.1,27756,16515,13,,10,800,23455,400,,,0,null,null,3,null,null,null,2.5,,True,,1950,10,2600,10,,2,800,2860,,NK,34231,23454,TMouvementHandlerLandVehicleDescriptor,15162D8BD6050900,1,60,120,null,"('0', '0.5', '0.75')","('0', '0.25', '0.5', '0.75')",260000,null,7,25,10,1980,6,16,,False,False,False,20,-1,-1,7,780000,1040000,60,1,True,5,300,20,"('1:0.2', '10:0.5', '30:1', '40:2', '50:3')",6,null,78 : 23461 (True) - TUIResourceTexture,CommonTexture_MotherCountryFlag_URSS,78 : 16535 (True) - TUIResourceTexture,4,,12,null,,,44179,TTurretTwoAxisDescriptor,,,,,123,15827,5,1,null,,null,0,27758,16517,27930,16701,1,2860,,,,,,,,,,,,,,,,,,,,,,,,,,,,,,,,,,,,,,,,,,,,,,,,,,,,,,,,,,,,,,,,34237,23460,null,True,12,72589,0.002,,3,B28C180000000000,null,00000000-0000-0000-0600-0000b8070000,null,null,null,0.01,null,True,180000,null,null,null,113 : 77393 (False) - TModernWarfareHitRollRule,null,null,78 : 81588 (True) - TUIResourceTexture,null,null,3,,null,,,null,CAE1210600000000,2,1,null,6.28,2,78000,78000,130000,null,208000,null,null,null,null,null,null,14,1118,4836,null,130,,,null,24,228,null,1,0.2,3,1.2,,,null,True,74AE2FE5ECF21E00,0B06000000000000,5,,,,,,,,,,,,,,,,,,,,,,,,,,,,,,,,,,,,,,,,,,,,,,,,,,,,,,,,,,,,,,,,,,,,,,,,,,,,,,,,,,,,,,,,,,,,,,,,,,,,,,,,,,,,,,,,,,,,,,,,,,,,,,,,,,,,,,,,,,,,,,,,Descriptor_Unit_Type_80_SPAAG_NK
739,29,MARDER 1,66884,66546,66545,66546,True,49364,False,True,2,Unit_Marder_1,39080,null,,28540,17349,89 : 16551 (True) - TAmmunition,00000000-0000-0000-0000-00004b060000,364000,8,0.1,27756,16515,8,,8,650,21047,520,,,16,null,null,1,null,null,null,2.5,,True,,1950,10,2600,10,,3,800,3640,,RFA,32018,21046,TMouvementHandlerLandVehicleDescriptor,C2ADA6B779010000,null,60,20,null,"('0', '0.5', '0.75')","('0', '0.25', '0.5', '0.75')",260000,null,7,15,10,1970,5,24,,False,False,False,83,-1,-1,6,416000,1040000,60,0.5714286,True,5,300,20,"('1:0.2', '10:0.5', '30:1', '40:2', '50:3')",4,null,78 : 21048 (True) - TUIResourceTexture,CommonTexture_MotherCountryFlag_HOL,null,5,,20,Transporter,,,42118,TTurretTwoAxisDescriptor,,,,,101,15411,5,1,null,,null,12,27758,16517,28009,16780,1,3640,,,,,,,,,,,,,,,,,,,,,,,,,,,,,,,,,,,,,,,,,,,,,,,,,,,,,,,,,,,,,,,,32017,21045,null,True,15,70520,0.01,,6,B21C0C0000000000,null,00000000-0000-0000-0600-000044060000,null,null,True,0.01,null,True,180000,null,null,null,113 : 77481 (False) - TModernWarfareHitRollRule,null,null,78 : 80065 (True) - TUIResourceTexture,null,null,2,,null,,,null,C1D072C1505D0000,2,1,null,1.4,1,117000,117000,null,null,null,null,null,null,null,null,null,250,390,1300,null,2080,,,null,15,40,null,1,0.06,0.8,0.4,,,null,True,F46CA274AE2F0000,0B06000000000000,5,,,,,,,,,,,,,,,,,,,,,,,,,,,,,,,,,,,,,,,,,,,,,,,,,,,,,,,,,,,,,,,,,,,,,,,,,null,True,15,70521,0.01,,3,B21C0C0000000000,null,00000000-0000-0000-0600-00004a070000,null,null,null,0.01,null,True,180000,82 : 27774 (True) - TUniteDescriptor,0.05,null,113 : 77481 (False) - TModernWarfareHitRollRule,null,null,78 : 80066 (True) - TUIResourceTexture,null,null,2,,null,,,null,C1D072C1505D0000,2,1,null,1.4,1,117000,117000,null,null,117000,null,null,null,null,null,null,250,390,1300,null,2080,,,null,15,40,null,1,0.06,0.8,0.4,,,null,True,F46CA274AE2F0000,0B06000000000000,5,Descriptor_Unit_Marder_1
447,23,KM113 106mm M40,66546,66546,66546,66658,True,49662,False,True,1,Unit_KM113A1_106mm_ROK,39211,1,,28721,17530,89 : 16551 (True) - TAmmunition,00000000-0000-0000-0000-000065050000,364000,0,0.1,27756,16515,8,,5,360,16791,480,,,16,null,null,1,null,null,null,2.5,,True,,1950,10,2600,10,,2,800,3380,,ROK,28145,16918,TMouvementHandlerLandVehicleDescriptor,4720080B21085705,null,60,40,null,"('0', '0.5', '0.75')","('0', '0.25', '0.5', '0.75')",260000,null,17,15,10,1970,5,0,,False,False,False,20,-1,-1,5,416000,1040000,60,0.6923077,True,5,300,20,"('1:0.2', '10:0.5', '30:1', '40:2', '50:3')",3,null,78 : 19422 (True) - TUIResourceTexture,CommonTexture_MotherCountryFlag_UK,null,4,,20,null,,,40737,TTurretTwoAxisDescriptor,,,,,101,15119,8,1,null,,3,0,27758,16517,28041,16812,1,3380,,,,,,,,,,,,,,,,,,,,,,,,,,,,,,,,,,,,,,,,,,,,,,,,,,,,,,,,,,,,,,,,30434,19421,null,True,1,68995,0.01,,46,DEF248B27C040200,null,00000000-0000-0000-0600-000095050000,null,null,null,0.01,null,True,180000,null,null,null,113 : 77549 (False) - TModernWarfareHitRollRule,null,null,78 : 79459 (True) - TUIResourceTexture,null,null,2,,null,,,null,1C17141700000000,1,1,null,2.06,1,130000,130000,null,null,null,null,null,null,null,null,null,250,130,13780,null,2080,,,null,20,122,null,1,1,8,1,,,null,True,5C19BB34AA720000,0B06000000000000,4,,,,,,,,,,,,,,,,,,,,,,,,,,,,,,,,,,,,,,,,,,,,,,,,,,,,,,,,,,,,,,,,,,,,,,,,,null,True,1,68996,0.01,,3,B27C040200000000,null,00000000-0000-0000-0600-0000a8060000,null,null,null,0.01,null,True,140000,82 : 27774 (True) - TUniteDescriptor,0.1,null,113 : 77549 (False) - TModernWarfareHitRollRule,null,null,78 : 79460 (True) - TUIResourceTexture,null,null,2,,null,,,null,1C17141700000000,1,1,null,2.06,3,130000,130000,null,null,null,null,null,null,null,null,null,250,2080,6890,null,2080,,,null,20,122,null,1.4,1,8,1,,,null,True,5C19BB34AA720000,0B06000000000000,4,Descriptor_Unit_KM113A1_106mm_ROK
68,29,ASLAV-25 FSV,66546,66546,66546,66546,True,48220,False,True,2,Unit_ASLAV25_FSV_ANZ,38520,3,,27781,16542,89 : 16533 (True) - TAmmunition,00000000-0000-0000-0000-000025040000,364000,0,0.1,27756,16515,8,,5,300,17046,660,,,12,null,null,1,null,null,null,2.5,,True,,1950,10,2600,10,,2,800,5200,,ANZ,28252,17045,TMouvementHandlerLandVehicleDescriptor,60071903B858DD02,null,60,40,null,"('0', '0.5', '0.75')","('0', '0.25', '0.5', '0.75')",260000,null,13,25,10,1989,5,0,,False,False,False,28,-1,12,5,416000,1040000,60,0.5,True,5,300,20,"('1:0.2', '10:0.5', '30:1', '40:2', '50:3')",3,null,78 : 17053 (True) - TUIResourceTexture,Components,78 : 16535 (True) - TUIResourceTexture,5,,16,null,,,38873,TTurretTwoAxisDescriptor,,,38874,TTurretTwoAxisDescriptor,101,14740,7,1,null,,3,0,27758,16517,28041,16812,1,5200,,,,,,,,,,,,,,,,,,,,,,,,,,,,,,,,,,,,,,,,,,,,,,,,,,,,,,,,,,,,,,,,28258,17051,null,True,100,67042,0.01,,null,B23C1C2502000000,null,00000000-0000-0000-0600-0000fb030000,null,null,null,0.01,null,True,180000,null,null,null,113 : 77481 (False) - TModernWarfareHitRollRule,null,null,78 : 77830 (True) - TUIResourceTexture,null,null,3,,null,,,null,41315CC381000000,10,1,null,1.762,0.5,65000,65000,null,null,39000,null,null,null,null,null,null,16,156,520,null,260,,,null,20,55,null,1,0.2,2,0.8,,,null,True,D175010000000000,0B06000000000000,6,,,,,,,,,,,,,,,,,,,,,,,,,,,,,,,,,,,,,,,,,,,,,,,,,,,,,,,,,,,,,,,,,,,,,,,,,null,True,15,67041,0.01,,3,B26C0C0000000000,null,00000000-0000-0000-0600-0000f7060000,null,null,null,0.01,null,True,180000,82 : 27774 (True) - TUniteDescriptor,0.05,null,113 : 77387 (False) - TModernWarfareHitRollRule,null,null,78 : 77829 (True) - TUIResourceTexture,null,null,2,,null,,,null,2DAE3343315C0000,2,1,null,1.5,1,130000,130000,null,null,117000,null,null,null,null,null,null,250,494,1638,null,2080,,,null,15,50,null,1,0.3,2.4,2,,,null,True,F46CA274AE2F0000,0B06000000000000,5,Descriptor_Unit_ASLAV25_FSV_ANZ
1112,24,Trabant01,66658,66658,66658,66658,True,48423,False,null,1,Unit_Trabant01,38618,null,,33999,23222,null,00000000-0000-0000-0000-000066070000,364000,0,0.1,28153,16926,3,,4,60,18076,1000,,,0,null,null,1,null,null,null,2.5,,True,,2080,100,2600,100,,4,800,2860,,US,29222,18075,TMouvementHandlerLandVehicleDescriptor,4290CFE669DE1E00,null,40,40,null,"('0', '0.5', '0.75')","('0', '0.25', '0.5', '0.75')",260000,null,1,1,10,null,4,0,,,,,,,,4,,,,1.727273,True,5,300,20,"('1:0.2', '10:0.5', '30:1', '40:2', '50:3')",2,null,78 : 23225 (True) - TUIResourceTexture,CommonTexture_MotherCountryFlag_POL,null,4,,0,null,,,,,,,,,16,15784,3,1,null,,1,0,27758,16517,34001,23224,null,2860,,,,,,,,,,,,,,,,,,,,,,,,,,,,,,,,,,,,,,,,,,,,,,,,,,,,,,,,,,,,,,,,,,,,,,,,,,,,,,,,,,,,,,,,,,,,,,,,,,,,,,,,,,,,,,,,,,,,,,,,,,,,,,,,,,,,,,,,,,,,,,,,,,,,,,,,,,,,,,,,,,,,,,,,,,,,,,,,,,,,,,,,,,,,,,,,,,,,,,,,,,,,,,,,,,,,,,,,,,,,,,,,,,,,,,,,,,,,,,,,,,,,,,,,,,,,,,,,,,,,,,,,,,,,,,,,,,,,,,,,Descriptor_Unit_Trabant01
141,30,BRDM-2 STRELA-1,66546,66546,66546,66546,True,48220,False,True,5,Unit_BRDM_2_STRELA_1_NK,38520,3,,27781,16542,89 : 16551 (True) - TAmmunition,00000000-0000-0000-0000-000068040000,364000,0,0.1,27756,16515,13,,5,290,17496,750,,,6,null,null,3,null,null,null,2.5,,True,,1040,10,2600,10,,2,800,5200,,NK,28686,17495,TMouvementHandlerLandVehicleDescriptor,15262CD6C3791D00,1,60,120,null,"('0', '0.5', '0.75')","('0', '0.25', '0.5', '0.75')",260000,null,92,25,10,1975,5,0,,False,False,False,1,-1,-1,5,780000,1040000,60,0.5,True,5,300,20,"('1:0.2', '10:0.5', '30:1', '40:2', '50:3')",3,null,78 : 17497 (True) - TUIResourceTexture,CommonTexture_MotherCountryFlag_URSS,78 : 16535 (True) - TUIResourceTexture,5,,8,null,,,39186,TTurretTwoAxisDescriptor,,,,,123,14813,7,1,null,,3,0,27758,16517,27930,16701,1,5200,,,,,,,,,,,,,,,,,,,,,,,,,,,,,,,,,,,,,,,,,,,,,,,,,,,,,,,,,,,,,,,,28685,17494,null,True,4,67439,0.01,,3,A97A9BF73A4F0000,null,00000000-0000-0000-0600-0000d0090000,null,null,null,null,True,null,78000,null,null,null,113 : 77739 (False) - TModernWarfareHitRollRule,null,null,78 : 78033 (True) - TUIResourceTexture,True,null,1,Missile_SAM_Strela_1_salvex4_RDA,,78000,390000,10,8219AB77DE010000,4,1,null,2,4,null,null,145600,null,182000,null,null,null,null,null,5,500,9100,18200,null,26000,,,null,201,160,null,1,2,10,2,,,null,True,D7D2010000000000,0B06000000000000,3,,,,,,,,,,,,,,,,,,,,,,,,,,,,,,,,,,,,,,,,,,,,,,,,,,,,,,,,,,,,,,,,,,,,,,,,,,,,,,,,,,,,,,,,,,,,,,,,,,,,,,,,,,,,,,,,,,,,,,,,,,,,,,,,,,,,,,,,,,,,,,,,Descriptor_Unit_BRDM_2_STRELA_1_NK
1426,24,null,66658,66658,66658,66658,True,48423,False,True,2,Unit_Gazelle_AH1,45349,2,130,35461,24745,89 : 24754 (True) - TAmmunition,00000000-0000-0000-0000-000073080000,416000,0,0.1,27756,16515,10,,4,450,25116,680,3.5,,0,null,-0.2,1,null,null,null,2.5,2600,True,1800,2080,4,2080,4,89,2,800,16120,,UK,35826,25115,TMouvementHandlerHelicopterDescriptor,82B4A871ACFE6604,null,220,170,null,"('0', '0.5', '0.75')","('0', '0.25', '0.5', '0.75')",260000,364000,1,65,5,1971,4,0,85,,,,,,,4,520000,1040000,220,,null,5,300,20,"('1:0.2', '10:0.5', '30:1', '40:2', '50:3')",2,,78 : 25117 (True) - TUIResourceTexture,CommonTexture_MotherCountryFlag_TCH,null,4,120,4,null,,,,,,,,,105,16098,6,1,null,,,0,27758,16517,35570,24857,null,20800,,,,,,,,,,,,,,,,,,,,,,,,,,,,,,,,,,,,,,,,,,,,,,,,,,,,,,,,,,,,,,,,,,,,,,,,,,,,,,,,,,,,,,,,,,,,,,,,,,,,,,,,,,,,,,,,,,,,,,,,,,,,,,,,,,,,,,,,,null,,,,,,,,,,,,,,,,,,,,,,,,,,,,,,,,,,,,,,,,,,,,,,,,,,,,,,,,,,,,,,,,,,,,,,,,,,,,,,,,,,,,,,,,,,,,,,,,,,,,,,,,,,,,,,,,,,,,,,,,,,,,,,,,,,,,,,,,,,,,,,,Descriptor_Unit_Gazelle_AH1
699,35,M752 Lance,66546,66658,66658,66658,True,49175,False,True,6,Unit_M752_Lance_NL,39000,6,,28425,17232,89 : 16656 (True) - TAmmunition,00000000-0004-0000-0000-00000c040000,364000,0,0.1,27756,16515,13,,5,1000,16760,500,,,0,null,0.05,2,null,null,null,2.5,,True,,1300,10,2600,10,,2,800,2340,,HOL,31430,20450,TMouvementHandlerLandVehicleDescriptor,988ACEA63518C805,null,40,10,null,"('0', '0.5', '0.75')","('0', '0.25', '0.5', '0.75')",260000,null,11,120,10,1979,4,0,,False,False,False,1,-1,-1,4,416000,1040000,40,1.444444,True,5,300,20,"('1:0.2', '10:0.5', '30:1', '40:2', '50:3')",6,null,78 : 20826 (True) - TUIResourceTexture,UI,null,4,,2,null,,,41936,TTurretTwoAxisDescriptor,,,,,119,15371,5,1,null,,null,1,27758,16517,27765,16524,1,2340,,,,,,,,,,,,,,,,,,,,,,,,,,,,,,,,,,,,,,,,,,,,,,,,,,,,,,,,,,,,,,,,31805,20825,null,True,1,70310,0.001,,3,B21C200600000000,1,00000000-0004-0000-0600-0000f9030000,13000,6500,null,0.01,null,null,55000,82 : 27774 (True) - TUniteDescriptor,0.25,null,113 : 27773 (False) - TModernWarfareHitRollRule,null,null,78 : 79956 (True) - TUIResourceTexture,null,null,3,,null,,,null,176A7A8371010000,1,1,null,4.8,20,3640000,3640000,null,null,null,624000,624000,null,null,null,1,40,17784,52000,null,7800,,,null,800,1340,null,30,1,120,1,,,True,True,E8AC9B56C95D0000,0B06000000000000,7,,,,,,,,,,,,,,,,,,,,,,,,,,,,,,,,,,,,,,,,,,,,,,,,,,,,,,,,,,,,,,,,,,,,,,,,,,,,,,,,,,,,,,,,,,,,,,,,,,,,,,,,,,,,,,,,,,,,,,,,,,,,,,,,,,,,,,,,,,,,,,,,Descriptor_Unit_M752_Lance_NL
74,23,ASU-85M,66545,66546,66546,66546,True,48191,False,True,3,Unit_ASU_85M,38486,1,,27761,16520,89 : 16551 (True) - TAmmunition,00000000-0000-0000-0000-00002b040000,364000,0,0.1,27756,16515,8,,6,580,17088,360,,,16,null,-0.05,1,null,null,null,2.5,,True,,1300,10,2600,10,,2,800,2340,,POL,28293,17087,TMouvementHandlerLandVehicleDescriptor,97917CDD02000000,1,60,40,null,"('0', '0.5', '0.75')","('0', '0.25', '0.5', '0.75')",260000,null,84,10,10,1966,5,0,,False,False,False,45,-1,5,5,416000,1040000,60,1.444444,True,5,300,20,"('1:0.2', '10:0.5', '30:1', '40:2', '50:3')",5,null,78 : 17094 (True) - TUIResourceTexture,Zoom123,null,5,,20,null,,,38901,TTurretTwoAxisDescriptor,,,38902,TTurretTwoAxisDescriptor,101,14746,5,1,null,,null,0,27758,16517,28041,16812,1,2340,,,,,,,,,,,,,,,,,,,,,,,,,,,,,,,,,,,,,,,,,,,,,,,,,,,,,,,,,,,,,,,,28299,17093,null,True,100,66544,0.01,,1,B28C948300000000,null,00000000-0000-0000-0600-0000e9030000,null,null,null,0.01,null,True,180000,null,null,null,113 : 77328 (False) - TModernWarfareHitRollRule,null,null,78 : 77327 (True) - TUIResourceTexture,null,null,3,,null,,,null,558B3BC820000000,10,1,null,1.254,0.75,78000,78000,null,null,65000,null,null,null,null,null,null,16,260,832,null,260,,,null,20,90,null,1,0.2,3,0.8,,,null,True,D175010000000000,0B06000000000000,6,,,,,,,,,,,,,,,,,,,,,,,,,,,,,,,,,,,,,,,,,,,,,,,,,,,,,,,,,,,,,,,,,,,,,,,,,null,True,1,67076,0.005,,3,B26C240000000000,null,00000000-0000-0000-0600-000020070000,null,null,null,0.01,null,True,140000,82 : 27774 (True) - TUniteDescriptor,0.1,null,113 : 77549 (False) - TModernWarfareHitRollRule,null,null,78 : 77844 (True) - TUIResourceTexture,null,null,3,,null,,,null,01E2000000000000,1,1,null,1.85,3,143000,143000,null,null,null,null,null,null,null,null,null,260,1664,5538,null,7800,,,null,15,98,null,1.4,1,10,1,,,null,True,B31E95B36B5E0000,0B06000000000000,4,Descriptor_Unit_ASU_85M
1273,23,WZ-550,66546,66546,66546,66546,True,48220,False,True,2,Unit_ZLF_92,38520,2,,27781,16542,89 : 16551 (True) - TAmmunition,00000000-0000-0000-0000-0000ec070000,364000,0,0.1,27756,16515,8,,5,300,23982,800,,,3,null,null,1,True,null,null,2.5,,True,,1950,10,2600,10,,1,800,4940,,CHI,29597,18473,TMouvementHandlerLandVehicleDescriptor,8302592400000000,1,60,40,null,"('0', '0.5', '0.75')","('0', '0.25', '0.5', '0.75')",260000,null,11,80,10,1992,5,0,,False,False,False,2,-1,-1,5,416000,1040000,60,0.5789474,True,5,300,20,"('1:0.2', '10:0.5', '30:1', '40:2', '50:3')",3,null,78 : 24116 (True) - TUIResourceTexture,CommonTexture_MotherCountryFlag_SWE,78 : 16535 (True) - TUIResourceTexture,5,,4,null,,,44731,TTurretTwoAxisDescriptor,,,,,101,15945,7,1,81 : 14800 (True) - TUniteAuSolDescriptor,,3,0,27758,16517,28041,16812,1,4940,,,,,,,,,,,,,,,,,,,,,,,,,,,,,,,,,,,,,,,,,,,,,,,,,,,,,,,,,,,,,,,,34841,24113,null,True,4,73131,0.013,,60,92B5740000000000,null,00000000-0000-0000-0600-000036090000,null,null,null,null,True,null,52000,null,null,null,113 : 77836 (False) - TModernWarfareHitRollRule,null,null,78 : 81975 (True) - TUIResourceTexture,null,null,1,Missile_HJ9_salvex4,,52000,62400,1.6,0A25010000000000,4,1,null,2,1,221000,221000,null,null,null,13000,13000,null,null,null,5,500,260,20800,null,26000,,,null,1031,150,null,2,1,10,1,,,null,True,57E42D0000000000,0B06000000000000,2,,,,,,,,,,,,,,,,,,,,,,,,,,,,,,,,,,,,,,,,,,,,,,,,,,,,,,,,,,,,,,,,,,,,,,,,,,,,,,,,,,,,,,,,,,,,,,,,,,,,,,,,,,,,,,,,,,,,,,,,,,,,,,,,,,,,,,,,,,,,,,,,Descriptor_Unit_ZLF_92
703,23,M901 ITV,66545,66546,66545,66546,True,48608,False,True,1,Unit_M901_TOW,38700,1,,28052,16823,89 : 16533 (True) - TAmmunition,00000000-0000-0000-0000-000035060000,364000,0,0.1,27756,16515,8,,6,360,16791,480,,,7,null,null,1,null,null,null,2.5,,True,,1950,10,2600,10,,2,800,3380,,US,28145,16918,TMouvementHandlerLandVehicleDescriptor,61E6098172010000,null,60,40,null,"('0', '0.5', '0.75')","('0', '0.25', '0.5', '0.75')",260000,null,19,40,10,1979,5,0,,False,False,False,6,-1,-1,6,416000,1040000,60,0.6923077,True,5,300,20,"('1:0.2', '10:0.5', '30:1', '40:2', '50:3')",3,null,78 : 20848 (True) - TUIResourceTexture,CommonTexture_MotherCountryFlag_POL,null,5,,10,null,,,41954,TTurretTwoAxisDescriptor,,,,,101,15375,8,1,81 : 15261 (True) - TUniteAuSolDescriptor,,3,0,27758,16517,28041,16812,1,3380,,,,,,,,,,,,,,,,,,,,,,,,,,,,,,,,,,,,,,,,,,,,,,,,,,,,,,,,,,,,,,,,31827,20847,null,True,2,69378,0.017,,54,5D66354B07000000,null,00000000-0000-0000-0600-000020090000,null,null,null,null,True,null,39000,null,null,null,113 : 78442 (False) - TModernWarfareHitRollRule,null,null,78 : 79705 (True) - TUIResourceTexture,null,null,1,Missile_BGM71C_ITOW_Bradley,,39000,46800,1.9,61E64DE515310000,2,1,null,2,1,195000,195000,null,null,null,13000,13000,null,null,null,5,500,260,20800,null,26000,,,null,300,150,null,2,1,10,1,,,null,True,57E42D0000000000,0B06000000000000,2,,,,,,,,,,,,,,,,,,,,,,,,,,,,,,,,,,,,,,,,,,,,,,,,,,,,,,,,,,,,,,,,,,,,,,,,,,,,,,,,,,,,,,,,,,,,,,,,,,,,,,,,,,,,,,,,,,,,,,,,,,,,,,,,,,,,,,,,,,,,,,,,Descriptor_Unit_M901_TOW
1361,38,null,66884,66884,66545,66658,null,60429,True,True,2,Unit_Type_037_II,45051,null,,35179,24459,89 : 24463 (True) - TAmmunition,00000000-0000-0000-0000-000041080000,364000,2,0.1,27756,16515,12,,8,,,,,,3,-0.3,null,1,null,True,null,2.5,,True,,2730,100,2210,7,,2,2000,26000,,CHI,35344,24628,TMouvementHandlerLandVehicleDescriptor,D38410815AFB1E00,1,120,40,null,"('0', '0.5', '0.75')","('0', '0.25', '0.5', '0.75')",364000,null,9,110,10,1991,8,4,,False,False,True,20,20,6,6,780000,1040000,220,null,True,20,1200,20,"('1:4', '10:8', '30:12', '40:18', '50:28')",10,24,78 : 24684 (True) - TUIResourceTexture,CommonTexture_MotherCountryFlag_SWE,null,4,,0,null,45264,TTurretTwoAxisDescriptor,45260,TTurretTwoAxisDescriptor,45262,TTurretTwoAxisDescriptor,45261,TTurretTwoAxisDescriptor,101,16033,9,0.5,null,,4,0,35394,24678,35397,24681,6,26000,,,,,,,,,,,,,,,,,,,,,,,,,,,,,,,,,,,,,,,,,,,,,,,,,,,,,,,,,,,,,,,,35396,24680,null,True,40,73609,0.002,True,3,A9C9C93242000000,null,00000000-0000-0000-0600-0000bd070000,null,null,null,0.01,null,True,180000,null,null,1,113 : 82069 (False) - TModernWarfareHitRollRule,null,null,78 : 82164 (True) - TUIResourceTexture,null,null,3,,null,,,null,0871206AED7B0000,5,1,null,5.48,1,195000,195000,208000,208000,208000,null,null,null,null,null,null,14,598,1196,null,130,3,1,null,40,2,null,null,0.2,4,1,null,True,null,True,74AE2FE56E620000,0B06000000000000,5,,,,,,,,,,,,,,,,,,,,,,,,,,,,,,,,,,,,,,,,,,,,,,,,,,,,,,,,,,,,,,,,,,,,,,,,,,,,,,,,,,,,,,,,,,,,,,,,,,,,,,,,,,,,,,,,,,,,,,,,,,,,,,,,,,,,,,,,,,,,,,,,Descriptor_Unit_Type_037_II
1196,33,KOMANDNOE OTDELENIE,66681,66681,66681,66681,True,48383,False,True,3,Unit_URSS_CMD_squad,38589,null,,27884,16648,89 : 16551 (True) - TAmmunition,00000000-0000-0000-0000-0000b5070000,364000,0,0.1,27756,16515,3,,2,,,,,,0,null,-0.15,1,null,null,null,2.5,,null,,4030,5,4030,5,,1,800,1560,,URSS,27887,16651,TMouvementHandlerLandVehicleDescriptor,BA8D3B57D375DC07,1,80,40,null,"('0', '0.5', '0.75')","('0', '0.25', '0.5', '0.75')",260000,null,100,100,10,1975,2,0,,False,False,False,10,5,-1,2,416000,1040000,80,null,True,5,300,20,"('1:0.2', '10:0.5', '30:1', '40:2', '50:3')",0.1,null,78 : 23700 (True) - TUIResourceTexture,MaterialInterface2D_Blend,78 : 23701 (True) - TUIResourceTexture,2,,3,null,,,44378,TTurretInfanterieDescriptor,,,44379,TTurretInfanterieDescriptor,125,15868,1,2,null,,2,0,27882,16646,27812,16575,1,1560,,,,,,,,,,,,,,,,,,,,,,,,,,,,,,,,,,,,,,,,,,,,,,,,,,,,,,,,,,,,,,,,34453,23697,null,True,100,66709,0.01,,null,B23C1C2502000000,null,00000000-0000-0000-0600-0000b5040000,null,null,null,0.01,null,True,180000,null,null,null,113 : 77431 (False) - TModernWarfareHitRollRule,null,null,78 : 77501 (True) - TUIResourceTexture,null,null,3,,null,,,null,57A5010000000000,10,1,null,2.25,0.5,65000,65000,null,null,44200,6500,6500,null,null,null,null,16,156,2600,null,260,,,null,10,55,null,2,0.2,5,1,,,null,True,D165010000000000,0B06000000000000,6,,,,,,,,,,,,,,,,,,,,,,,,,,,,,,,,,,,,,,,,,,,,,,,,,,,,,,,,,,,,,,,,,,,,,,,,,True,True,40,66707,0.01,,null,B26C14A501000000,null,00000000-0000-0000-0600-000027040000,null,null,null,0.01,null,True,180000,null,null,null,113 : 77459 (False) - TModernWarfareHitRollRule,null,null,78 : 77498 (True) - TUIResourceTexture,null,null,3,,null,,,null,F1EA7205522D0000,4,1,null,1.545,1,130,130,null,null,null,null,null,null,null,null,null,10,130,364,null,260,,,null,4,40,null,1,3,6,3,,,null,True,5C99C7BA89E30B00,0B06000000000000,6,Descriptor_Unit_URSS_CMD_squad
1071,22,T-72M1M,67329,66884,67330,66884,True,57923,False,True,3,Unit_T72M1M,43751,2,,33740,22961,89 : 16656 (True) - TAmmunition,00000000-0000-0000-0000-000046070000,364000,0,0.1,27756,16515,9,,19,1600,18131,700,,,5,null,null,1,null,null,null,2.5,,True,,1300,10,2600,10,,2,800,3640,,TCH,30346,19331,TMouvementHandlerLandVehicleDescriptor,97700D8807000000,1,80,20,null,"('0', '0.5', '0.75')","('0', '0.25', '0.5', '0.75')",260000,null,20,90,10,1987,8,0,,False,False,False,1,4,10,12,416000,1040000,80,0.5714286,True,5,300,20,"('1:0.2', '10:0.5', '30:1', '40:2', '50:3')",5,null,78 : 22999 (True) - TUIResourceTexture,Typeface3D_TitleMono_CompensatePostProcess,null,8,,7,null,,,43787,TTurretTwoAxisDescriptor,,,43788,TTurretTwoAxisDescriptor,108,15743,5,1,81 : 15744 (True) - TUniteAuSolDescriptor,,null,0,27758,16517,28064,16835,1,3640,,,,,,,,,,,,,,,,,,,,,,,,,,,,,,,,,,,,,,,,,,,,,,,,,,,,,,,,,,,,,,,,33777,22998,null,True,100,66607,0.01,,1,B28C948300000000,null,00000000-0000-0000-0600-0000ec030000,null,null,null,0.01,null,True,180000,null,null,null,113 : 77393 (False) - TModernWarfareHitRollRule,null,null,78 : 77394 (True) - TUIResourceTexture,null,null,3,,null,,,null,1ED861C820000000,10,1,null,1.254,0.75,78000,78000,null,null,65000,null,null,null,null,null,null,16,260,832,null,260,,,null,20,90,null,1,0.2,3,0.8,,,null,True,D175010000000000,0B06000000000000,6,,null,True,1,72103,0.013,,56,92B5740000000000,null,00000000-0000-0000-0600-0000e5080000,null,null,null,null,True,null,52000,null,null,null,113 : 78475 (False) - TModernWarfareHitRollRule,null,null,78 : 81438 (True) - TUIResourceTexture,null,null,1,Missile_9M119_Svir,,52000,62400,1.4,8A205C0A00000000,1,1,null,2,1,195000,195000,null,null,null,13000,13000,null,null,null,5,500,260,20800,null,26000,,,null,138,150,null,2,1,6,1,,,null,True,57E42D0000000000,0B06000000000000,2,null,True,24,72102,0.005,,3,B26C0C0200000000,null,00000000-0000-0000-0600-0000e1060000,null,null,null,0.01,null,True,140000,82 : 27774 (True) - TUniteDescriptor,0.1,null,113 : 78475 (False) - TModernWarfareHitRollRule,null,null,78 : 81437 (True) - TUIResourceTexture,null,null,3,,null,,,null,D7512C0300000000,24,1,null,2.25,4,169000,169000,null,null,null,null,null,null,null,null,null,260,2444,8138,null,7800,,,null,600,144,null,1.4,7.5,7.5,7.5,,,null,True,B31E95B36B5E0000,0B06000000000000,4,Descriptor_Unit_T72M1M
666,30,M48A1 CHAPARRAL,66546,66658,66546,66658,True,51034,False,True,5,Unit_M48_Chaparral_MIM72F,39965,1,,29573,18449,89 : 16551 (True) - TAmmunition,00000000-0000-0000-0000-000015060000,364000,0,0.1,27756,16515,13,,5,420,18451,410,,,4,null,null,3,null,null,null,2.5,,True,,1950,5,2600,5,,2,800,3120,,US,29574,18450,TMouvementHandlerLandVehicleDescriptor,03724D576CDEB709,null,60,120,null,"('0', '0.5', '0.75')","('0', '0.25', '0.5', '0.75')",260000,null,11,55,10,1984,4,0,,False,False,False,3,-1,-1,5,780000,1040000,60,0.8333333,True,5,300,20,"('1:0.2', '10:0.5', '30:1', '40:2', '50:3')",3,null,78 : 20634 (True) - TUIResourceTexture,CommonTexture_MotherCountryFlag_POL,null,4,,6,null,,,41782,TTurretTwoAxisDescriptor,,,,,123,15338,5,1,81 : 15337 (True) - TUniteAuSolDescriptor,,null,0,27758,16517,27930,16701,1,3120,,,,,,,,,,,,,,,,,,,,,,,,,,,,,,,,,,,,,,,,,,,,,,,,,,,,,,,,,,,,,,,,31611,20631,null,True,4,68273,0.01,,3,A97A9BF73A4F0000,null,00000000-0000-0000-0600-0000b1090000,null,null,null,null,True,null,104000,null,null,null,113 : 77617 (False) - TModernWarfareHitRollRule,null,null,78 : 78665 (True) - TUIResourceTexture,True,null,1,Missile_SAM_MIM72F,,104000,468000,10,D0805CD305000000,4,1,null,2,6,null,null,176800,null,221000,null,null,null,null,null,5,500,10920,21840,null,26000,,,null,367,240,null,1,3,20,3,,,null,True,D7D2010000000000,0B06000000000000,3,,,,,,,,,,,,,,,,,,,,,,,,,,,,,,,,,,,,,,,,,,,,,,,,,,,,,,,,,,,,,,,,,,,,,,,,,,,,,,,,,,,,,,,,,,,,,,,,,,,,,,,,,,,,,,,,,,,,,,,,,,,,,,,,,,,,,,,,,,,,,,,,Descriptor_Unit_M48_Chaparral_MIM72F
110,29,BMP-1P,66609,66546,66546,66546,True,49144,False,True,2,Unit_BMP1P,38988,1,,28498,17305,89 : 16551 (True) - TAmmunition,00000000-0000-0000-0000-00004a040000,364000,8,0.1,27756,16515,8,,7,450,17306,600,,,16,null,null,1,null,null,null,2.5,,True,,1300,10,2600,10,,3,800,3120,,URSS,28405,17211,TMouvementHandlerLandVehicleDescriptor,9AA05D0C00000000,1,60,20,null,"('0', '0.5', '0.75')","('0', '0.25', '0.5', '0.75')",260000,null,12,20,10,1979,5,24,,False,False,False,1,-1,4,5,416000,1040000,60,0.8333333,True,5,300,20,"('1:0.2', '10:0.5', '30:1', '40:2', '50:3')",3,null,78 : 17320 (True) - TUIResourceTexture,MaterialInterface2D_Blend,78 : 16535 (True) - TUIResourceTexture,5,,20,Transporter,,,39057,TTurretTwoAxisDescriptor,,,,,101,14782,8,1,81 : 14780 (True) - TUniteAuSolDescriptor,,3,12,27758,16517,28009,16780,1,3120,,,,,,,,,,,,,,,,,,,,,,,,,,,,,,,,,,,,,,,,,,,,,,,,,,,,,,,,,,,,,,,,28510,17317,null,True,1,67238,0.02,,54,5D66354B07000000,null,00000000-0000-0000-0600-0000da080000,null,null,null,null,True,null,26000,null,null,null,113 : 77963 (False) - TModernWarfareHitRollRule,null,null,78 : 77962 (True) - TUIResourceTexture,null,null,1,Missile_9M113_Konkurs_BMP2,,26000,39000,2.3,84205C0A00000000,1,1,null,2,1,195000,195000,null,null,null,13000,13000,null,null,null,5,500,260,20800,null,26000,,,null,113,150,null,2,1,5,1,,,null,True,57E42D0000000000,0B06000000000000,2,,null,True,40,67233,0.01,,3,B24C200000000000,null,00000000-0000-0000-0600-00000c070000,null,null,null,0.01,null,True,140000,82 : 27774 (True) - TUniteDescriptor,0.1,null,113 : 77611 (False) - TModernWarfareHitRollRule,null,null,78 : 77961 (True) - TUIResourceTexture,null,null,3,,null,,,null,327D47C9B00C0000,40,1,null,1.73,2,117000,117000,null,null,null,null,null,null,null,null,null,260,1430,4758,null,7800,,,null,600,84,null,1.4,6.6,6.6,6.6,,,null,True,B31E95B36B5E0000,0B06000000000000,4,null,True,40,67232,0.01,,46,DEF248B24C200000,null,00000000-0000-0000-0600-000002060000,null,null,null,0.01,null,True,180000,null,null,null,113 : 77611 (False) - TModernWarfareHitRollRule,null,null,78 : 77960 (True) - TUIResourceTexture,null,null,2,,null,,,null,327D47C9B00C0000,40,1,null,1.73,1,117000,117000,null,null,null,null,null,null,null,null,null,250,130,9490,null,2080,,,null,600,84,null,1,6.6,6.6,6.6,,,null,True,B31E95B36B5E0000,0B06000000000000,4,Descriptor_Unit_BMP1P
732,31,Machbet,66609,66545,66545,66546,True,48717,False,True,5,Unit_Machbeth,38748,2,,28113,16886,89 : 16533 (True) - TAmmunition,00000000-0005-0000-0000-000009040000,364000,0,0.1,27756,16515,13,,7,500,16805,600,,,4,null,null,3,True,null,null,2.5,,True,,1300,10,2600,10,,1,800,3120,,ISR,27795,16557,TMouvementHandlerLandVehicleDescriptor,6DAE9E2D6A5E0000,null,60,250,null,"('0', '0.5', '0.75')","('0', '0.25', '0.5', '0.75')",260000,null,11,60,10,1995,6,0,,False,False,False,1,-1,2,6,780000,1040000,60,0.8333333,True,5,300,20,"('1:0.2', '10:0.5', '30:1', '40:2', '50:3')",3,null,78 : 21006 (True) - TUIResourceTexture,CommonTexture_MotherCountryFlag_FR,78 : 16535 (True) - TUIResourceTexture,5,,6,null,,,42080,TTurretTwoAxisDescriptor,,,42081,TTurretTwoAxisDescriptor,123,15404,5,1,81 : 15062 (True) - TUniteAuSolDescriptor,,null,0,27758,16517,27784,16545,1,3120,,,,,,,,,,,,,,,,,,,,,,,,,,,,,,,,,,,,,,,,,,,,,,,,,,,,,,,,,,,,,,,,31979,21003,null,True,4,68570,0.01,,3,A97A9BF73A4F0000,null,00000000-0000-0000-0600-0000ce090000,null,null,null,null,True,null,104000,null,null,null,113 : 78125 (False) - TModernWarfareHitRollRule,null,null,78 : 78897 (True) - TUIResourceTexture,True,null,1,Missile_SAM_Stinger_salve_2_Gepard,null,104000,468000,10,CDADB2B39B770000,4,1,null,2,5,null,null,135200,null,169000,null,null,null,null,null,5,500,9100,18200,null,26000,,,null,234,200,null,1,2,10,2,,,null,True,D7D2010000000000,0B06000000000000,3,,,,,,,,,,,,,,,,,,,,,,,,,,,,,,,,,,,,,,,,,,,,,,,,,,,,,,,,,,,,,,,,,,,,,,,,,,,,,,,,,,,,,,,,,,,,,,,,,,,,,,,,,,,,,,,,,,,,,,,,,,,,,,,,,,,,,,,,,,,,,,,,Descriptor_Unit_Machbeth
821,22,PT-76B DESANT,66545,66546,66546,66546,True,48191,False,True,2,Unit_PT76B_Desant,38486,1,,27761,16520,89 : 16551 (True) - TAmmunition,00000000-0000-0000-0000-000086060000,364000,0,0.1,27756,16515,9,,6,600,21542,510,,,18,null,-0.05,1,null,null,null,2.5,,True,,1300,10,2600,10,,2,800,2340,,POL,32456,21541,TMouvementHandlerLandVehicleDescriptor,B389AB0E73209E06,1,60,20,null,"('0', '0.5', '0.75')","('0', '0.25', '0.5', '0.75')",260000,null,4,15,10,1958,5,0,,False,False,False,28,-1,-1,5,416000,1040000,60,1.444444,True,5,300,20,"('1:0.2', '10:0.5', '30:1', '40:2', '50:3')",5,null,78 : 21553 (True) - TUIResourceTexture,Zoom123,78 : 16535 (True) - TUIResourceTexture,5,,24,null,,,42539,TTurretTwoAxisDescriptor,,,,,108,15493,8,1,81 : 15707 (True) - TUniteAuSolDescriptor,,3,0,27758,16517,28009,16780,1,2340,,,,,,,,,,,,,,,,,,,,,,,,,,,,,,,,,,,,,,,,,,,,,,,,,,,,,,,,,,,,,,,,32467,21552,null,True,1,70933,0.005,,44,DEF248B27C200000,null,00000000-0000-0000-0600-00000d060000,null,null,null,0.01,null,True,180000,null,null,null,113 : 80451 (False) - TModernWarfareHitRollRule,null,null,78 : 80450 (True) - TUIResourceTexture,null,null,2,,null,,,null,DE61380000000000,1,1,null,1.76,1,130000,130000,null,null,null,null,null,null,null,null,null,250,130,9880,null,2080,,,null,15,88,null,1,1,7.5,1,,,null,True,B31E95B36B5E0000,0B06000000000000,4,,,,,,,,,,,,,,,,,,,,,,,,,,,,,,,,,,,,,,,,,,,,,,,,,,,,,,,,,,,,,,,,,,,,,,,,,null,True,1,70934,0.005,,3,B23C940702000000,null,00000000-0000-0000-0600-000016070000,null,null,null,0.01,null,True,140000,82 : 27774 (True) - TUniteDescriptor,0.1,null,113 : 80451 (False) - TModernWarfareHitRollRule,null,null,78 : 80452 (True) - TUIResourceTexture,null,null,3,,null,,,null,DE61380000000000,1,1,null,1.76,2,130000,130000,null,null,null,null,null,null,null,null,null,260,1508,4966,null,7800,,,null,15,88,null,1.4,1,7.5,1,,,null,True,B31E95B36B5E0000,0B06000000000000,4,Descriptor_Unit_PT76B_Desant
487,23,MITHUBISHI CHU-MAT,66658,66658,66658,66658,True,48423,False,True,1,Unit_Kyu_Chu_MAT_JAP,38618,1,,28411,17218,89 : 16551 (True) - TAmmunition,00000000-0000-0000-0000-000085050000,364000,0,0.1,27756,16515,8,,4,60,18076,1000,,,8,null,-0.05,1,null,null,null,2.5,,True,,2080,5,2600,5,,2,800,2860,,JAP,29222,18075,TMouvementHandlerLandVehicleDescriptor,94B75C7ADBE87E05,null,60,40,null,"('0', '0.5', '0.75')","('0', '0.25', '0.5', '0.75')",260000,null,2,20,10,1989,4,0,,False,False,False,4,-1,-1,4,416000,1040000,60,1.727273,True,5,300,20,"('1:0.2', '10:0.5', '30:1', '40:2', '50:3')",2,null,78 : 19654 (True) - TUIResourceTexture,CommonTexture_MotherCountryFlag_NK,78 : 16535 (True) - TUIResourceTexture,4,,12,null,,,40933,TTurretTwoAxisDescriptor,,,,,101,15159,3,1,81 : 15161 (True) - TUniteAuSolDescriptor,,1,0,27758,16517,28041,16812,1,2860,,,,,,,,,,,,,,,,,,,,,,,,,,,,,,,,,,,,,,,,,,,,,,,,,,,,,,,,,,,,,,,,30649,19653,null,True,1,68902,0.015,,55,92B5740000000000,null,00000000-0000-0000-0600-00002c090000,null,null,null,null,True,null,52000,null,null,null,113 : 78931 (False) - TModernWarfareHitRollRule,null,null,78 : 79304 (True) - TUIResourceTexture,null,null,1,Missile_ChuMAT,,52000,52000,1.6,DE72E96D03000000,1,1,True,2,1,182000,182000,null,null,null,13000,13000,null,null,null,5,500,260,20800,null,26000,,,null,147,150,null,2,1,5,1,,,null,True,57E42D0000000000,0B06000000000000,2,,,,,,,,,,,,,,,,,,,,,,,,,,,,,,,,,,,,,,,,,,,,,,,,,,,,,,,,,,,,,,,,,,,,,,,,,,,,,,,,,,,,,,,,,,,,,,,,,,,,,,,,,,,,,,,,,,,,,,,,,,,,,,,,,,,,,,,,,,,,,,,,Descriptor_Unit_Kyu_Chu_MAT_JAP
